{
"type": "FeatureCollection",
"name": "RIPopulationEstimate-county subdivision-2024-acs5",
"crs": { "type": "name", "properties": { "name": "urn:ogc:def:crs:EPSG::4269" } },
"features": [
{ "type": "Feature", "properties": { "GEOID": "4400377720", "COUSUBFP": "77720", "NAMELSAD": "West Greenwich town", "Total Population Estimate": 6647, "NAME": "West Greenwich town, Kent County, Rhode Island", "state": "44", "county": "003", "county subdivision": "77720", "Total Population Estimate_moe": 23.0 }, "geometry": { "type": "Polygon", "coordinates": [ [ [ -71.789356, 41.59691 ], [ -71.787855198594997, 41.634450367744499 ], [ -71.787636645889506, 41.639917146298203 ], [ -71.786994, 41.655992 ], [ -71.786998895681293, 41.6561173870817 ], [ -71.740357, 41.657369 ], [ -71.739624, 41.657352 ], [ -71.694939, 41.658424 ], [ -71.666039, 41.658721 ], [ -71.665939, 41.658692 ], [ -71.622871, 41.659683 ], [ -71.622371, 41.659688 ], [ -71.602958, 41.660191 ], [ -71.589768, 41.660515 ], [ -71.572671, 41.661275 ], [ -71.547113, 41.661851 ], [ -71.547041, 41.659386 ], [ -71.546625, 41.646283 ], [ -71.546417, 41.642085 ], [ -71.546092, 41.625761 ], [ -71.544807, 41.601993 ], [ -71.643354, 41.600962 ], [ -71.643983, 41.600979 ], [ -71.653019, 41.598828 ], [ -71.65357, 41.598701 ], [ -71.659395, 41.598692 ], [ -71.760811, 41.598044 ], [ -71.789358672742296, 41.596852160342699 ], [ -71.789356, 41.59691 ] ] ] } },
{ "type": "Feature", "properties": { "GEOID": "4400714140", "COUSUBFP": "14140", "NAMELSAD": "Central Falls city", "Total Population Estimate": 22701, "NAME": "Central Falls city, Providence County, Rhode Island", "state": "44", "county": "007", "county subdivision": "14140", "Total Population Estimate_moe": 43.0 }, "geometry": { "type": "Polygon", "coordinates": [ [ [ -71.407055, 41.89191 ], [ -71.404691, 41.894784 ], [ -71.404568, 41.894824 ], [ -71.397243, 41.896782 ], [ -71.394296, 41.897652 ], [ -71.391739, 41.898343 ], [ -71.39006, 41.899319 ], [ -71.388268, 41.899805 ], [ -71.386348, 41.899636 ], [ -71.3817, 41.897062 ], [ -71.3817, 41.8937517472528 ], [ -71.3817, 41.893199 ], [ -71.381529354391105, 41.893225767938603 ], [ -71.381638, 41.8927 ], [ -71.383093, 41.88987 ], [ -71.381824, 41.88837 ], [ -71.380219, 41.88793 ], [ -71.381008, 41.884067 ], [ -71.385269, 41.883511 ], [ -71.386742, 41.883316 ], [ -71.39231, 41.882599 ], [ -71.403706, 41.881059 ], [ -71.405817, 41.887239 ], [ -71.406227, 41.888491 ], [ -71.407055, 41.89191 ] ] ] } },
{ "type": "Feature", "properties": { "GEOID": "4400764220", "COUSUBFP": "64220", "NAMELSAD": "Scituate town", "Total Population Estimate": 10517, "NAME": "Scituate town, Providence County, Rhode Island", "state": "44", "county": "007", "county subdivision": "64220", "Total Population Estimate_moe": 25.0 }, "geometry": { "type": "Polygon", "coordinates": [ [ [ -71.69101, 41.856457 ], [ -71.676808, 41.85665 ], [ -71.613133, 41.857766 ], [ -71.604992, 41.857999 ], [ -71.574642, 41.858748 ], [ -71.573027, 41.851509 ], [ -71.57188, 41.844277 ], [ -71.570639, 41.838566 ], [ -71.569627, 41.835079 ], [ -71.56563, 41.814987 ], [ -71.561623, 41.797226 ], [ -71.559856, 41.789368 ], [ -71.55929, 41.789344 ], [ -71.554766, 41.765271 ], [ -71.553165, 41.756984 ], [ -71.552696, 41.755455 ], [ -71.548775, 41.736607 ], [ -71.547353, 41.731203 ], [ -71.54743, 41.730025 ], [ -71.550038, 41.729985 ], [ -71.562938, 41.729672 ], [ -71.576525, 41.72934 ], [ -71.586186, 41.729105 ], [ -71.644255, 41.7278 ], [ -71.665991, 41.727433 ], [ -71.668434, 41.72747 ], [ -71.67363, 41.757648 ], [ -71.675894, 41.770362 ], [ -71.675898, 41.770386 ], [ -71.678029, 41.782552 ], [ -71.679504, 41.791203 ], [ -71.679749, 41.792596 ], [ -71.685311, 41.823617 ], [ -71.6855, 41.82538 ], [ -71.688705, 41.843365 ], [ -71.689076, 41.844879 ], [ -71.69101, 41.856457 ] ] ] } },
{ "type": "Feature", "properties": { "GEOID": "4400727460", "COUSUBFP": "27460", "NAMELSAD": "Foster town", "Total Population Estimate": 4523, "NAME": "Foster town, Providence County, Rhode Island", "state": "44", "county": "007", "county subdivision": "27460", "Total Population Estimate_moe": 20.0 }, "geometry": { "type": "Polygon", "coordinates": [ [ [ -71.794691782663506, 41.854408530038 ], [ -71.758215, 41.855093 ], [ -71.747483, 41.855236 ], [ -71.737663, 41.855721 ], [ -71.69101, 41.856457 ], [ -71.689076, 41.844879 ], [ -71.688705, 41.843365 ], [ -71.6855, 41.82538 ], [ -71.685311, 41.823617 ], [ -71.679749, 41.792596 ], [ -71.679504, 41.791203 ], [ -71.678029, 41.782552 ], [ -71.675898, 41.770386 ], [ -71.675894, 41.770362 ], [ -71.67363, 41.757648 ], [ -71.668434, 41.72747 ], [ -71.669494, 41.727374 ], [ -71.700584, 41.726694 ], [ -71.720111, 41.726326 ], [ -71.789692111993801, 41.725198339657297 ], [ -71.790106335743999, 41.738827917229301 ], [ -71.791059254921905, 41.770182676218802 ], [ -71.791062, 41.770273 ], [ -71.791258063575995, 41.774496473912002 ], [ -71.792656635056403, 41.804623590236503 ], [ -71.792767, 41.807001 ], [ -71.792786, 41.80867 ], [ -71.793157336947004, 41.817169160042504 ], [ -71.794161, 41.840141 ], [ -71.794161, 41.841101 ], [ -71.794482356053607, 41.849157885859498 ], [ -71.794691782663506, 41.854408530038 ] ] ] } },
{ "type": "Feature", "properties": { "GEOID": "4400711800", "COUSUBFP": "11800", "NAMELSAD": "Burrillville town", "Total Population Estimate": 16427, "NAME": "Burrillville town, Providence County, Rhode Island", "state": "44", "county": "007", "county subdivision": "11800", "Total Population Estimate_moe": 21.0 }, "geometry": { "type": "Polygon", "coordinates": [ [ [ -71.799242, 42.008065 ], [ -71.76601, 42.009745 ], [ -71.755109198053304, 42.009995929079899 ], [ -71.680875816310504, 42.011704731264601 ], [ -71.678022968574695, 42.011770401887802 ], [ -71.661603714443999, 42.012148362000502 ], [ -71.606734025316598, 42.013411425092301 ], [ -71.600443, 41.983027 ], [ -71.596898, 41.966123 ], [ -71.590312, 41.933665 ], [ -71.629387, 41.932381 ], [ -71.63973, 41.932429 ], [ -71.662664, 41.931858 ], [ -71.66668, 41.931771 ], [ -71.678472, 41.931516 ], [ -71.700481, 41.930923 ], [ -71.709238, 41.930725 ], [ -71.722423, 41.930304 ], [ -71.741905, 41.929752 ], [ -71.797652828954895, 41.928646471808598 ], [ -71.797801253420104, 41.932367699279801 ], [ -71.797922, 41.935395 ], [ -71.798826881530104, 41.985211470300001 ], [ -71.798865433540499, 41.987333875295498 ], [ -71.799242, 42.008065 ] ] ] } },
{ "type": "Feature", "properties": { "GEOID": "4400109280", "COUSUBFP": "09280", "NAMELSAD": "Bristol town", "Total Population Estimate": 22220, "NAME": "Bristol town, Bristol County, Rhode Island", "state": "44", "county": "001", "county subdivision": "09280", "Total Population Estimate_moe": 24.0 }, "geometry": { "type": "Polygon", "coordinates": [ [ [ -71.306095, 41.672575 ], [ -71.302627, 41.681747 ], [ -71.298935, 41.681524 ], [ -71.293119, 41.688347 ], [ -71.292662518153406, 41.691783573901702 ], [ -71.291217, 41.702666 ], [ -71.295343694780797, 41.7072057452012 ], [ -71.294039, 41.71028 ], [ -71.291377, 41.70955 ], [ -71.280524, 41.711059 ], [ -71.267494, 41.712886 ], [ -71.255492, 41.714601 ], [ -71.25153, 41.715408 ], [ -71.246558, 41.703415 ], [ -71.24443, 41.701208 ], [ -71.243694548197894, 41.698390326852802 ], [ -71.24581, 41.697162 ], [ -71.245335, 41.694855 ], [ -71.2430069827236, 41.689206722542103 ], [ -71.242482, 41.687933 ], [ -71.237716578596405, 41.681741 ], [ -71.237635, 41.681635 ], [ -71.234639, 41.67746 ], [ -71.234651026533498, 41.6773701636506 ], [ -71.235352, 41.672134 ], [ -71.236778, 41.66805 ], [ -71.238442, 41.665565 ], [ -71.240343, 41.665565 ], [ -71.244384, 41.669116 ], [ -71.250326, 41.665032 ], [ -71.253416, 41.660593 ], [ -71.254604, 41.652247 ], [ -71.256743, 41.650293 ], [ -71.257219, 41.646741 ], [ -71.25956, 41.642595 ], [ -71.259633768887596, 41.642603522037597 ], [ -71.263161, 41.643011 ], [ -71.267055, 41.644945 ], [ -71.270075, 41.652439 ], [ -71.26918, 41.6549 ], [ -71.267676, 41.657397 ], [ -71.269103, 41.66006 ], [ -71.272192, 41.661303 ], [ -71.2773698209797, 41.666012004190797 ], [ -71.277659, 41.666275 ], [ -71.279168374025303, 41.669787765555803 ], [ -71.280366, 41.672575 ], [ -71.279339557167702, 41.6764753476156 ], [ -71.278847, 41.678347 ], [ -71.282175, 41.67959 ], [ -71.285502, 41.68243 ], [ -71.287404, 41.680478 ], [ -71.289068, 41.67959 ], [ -71.287637, 41.672463 ], [ -71.290546, 41.662395 ], [ -71.293346, 41.660238 ], [ -71.297862, 41.658284 ], [ -71.297624, 41.653845 ], [ -71.299159, 41.649531 ], [ -71.301396, 41.649978 ], [ -71.303746, 41.654788 ], [ -71.304992, 41.65935 ], [ -71.306095, 41.672575 ] ] ] } },
{ "type": "Feature", "properties": { "GEOID": "4400322240", "COUSUBFP": "22240", "NAMELSAD": "East Greenwich town", "Total Population Estimate": 14554, "NAME": "East Greenwich town, Kent County, Rhode Island", "state": "44", "county": "003", "county subdivision": "22240", "Total Population Estimate_moe": 27.0 }, "geometry": { "type": "Polygon", "coordinates": [ [ [ -71.547113, 41.661851 ], [ -71.541475, 41.661977 ], [ -71.533379, 41.662156 ], [ -71.499225, 41.662948 ], [ -71.490206, 41.663193 ], [ -71.45853, 41.663734 ], [ -71.45829, 41.663705 ], [ -71.451218, 41.663923 ], [ -71.450127, 41.663964 ], [ -71.445572, 41.664066 ], [ -71.444932402152304, 41.664029 ], [ -71.444801, 41.663801 ], [ -71.443541, 41.663019 ], [ -71.442376937455805, 41.663611476915897 ], [ -71.443021, 41.6602 ], [ -71.446018, 41.655376 ], [ -71.449315, 41.652566 ], [ -71.450376, 41.651449 ], [ -71.452157, 41.648492 ], [ -71.454876, 41.647445 ], [ -71.458017, 41.649809 ], [ -71.458654, 41.649266 ], [ -71.465652, 41.643098 ], [ -71.464831, 41.638904 ], [ -71.468692, 41.638594 ], [ -71.467844, 41.634165 ], [ -71.469666, 41.634536 ], [ -71.472535, 41.632077 ], [ -71.47132, 41.629076 ], [ -71.479358, 41.6242 ], [ -71.482482, 41.62358 ], [ -71.483306, 41.621547 ], [ -71.486073, 41.619833 ], [ -71.48631, 41.617447 ], [ -71.488039, 41.616048 ], [ -71.487503, 41.613487 ], [ -71.485451, 41.612974 ], [ -71.484458, 41.603739 ], [ -71.484427, 41.602591 ], [ -71.495697, 41.602634 ], [ -71.520447, 41.602616 ], [ -71.522429, 41.602566 ], [ -71.544807, 41.601993 ], [ -71.546092, 41.625761 ], [ -71.546417, 41.642085 ], [ -71.546625, 41.646283 ], [ -71.547041, 41.659386 ], [ -71.547113, 41.661851 ] ] ] } },
{ "type": "Feature", "properties": { "GEOID": "4400722960", "COUSUBFP": "22960", "NAMELSAD": "East Providence city", "Total Population Estimate": 47281, "NAME": "East Providence city, Providence County, Rhode Island", "state": "44", "county": "007", "county subdivision": "22960", "Total Population Estimate_moe": 54.0 }, "geometry": { "type": "Polygon", "coordinates": [ [ [ -71.395258, 41.811669 ], [ -71.393528, 41.814756 ], [ -71.387083, 41.816372 ], [ -71.385572, 41.818996 ], [ -71.382797, 41.822695 ], [ -71.377434, 41.829288 ], [ -71.373587, 41.832486 ], [ -71.373099, 41.8366 ], [ -71.372996, 41.838065 ], [ -71.372247, 41.843337 ], [ -71.37226, 41.844157 ], [ -71.372334, 41.850548 ], [ -71.375021, 41.857449 ], [ -71.365795, 41.858341 ], [ -71.363744, 41.85854 ], [ -71.358688, 41.859046 ], [ -71.354507, 41.859467 ], [ -71.342969, 41.860684 ], [ -71.341443, 41.86071 ], [ -71.339217, 41.860736 ], [ -71.337776, 41.860917 ], [ -71.334653, 41.861314 ], [ -71.334493988682297, 41.861239482753298 ], [ -71.341673422639502, 41.845919388344001 ], [ -71.342198, 41.8448 ], [ -71.341797, 41.8437 ], [ -71.3407956584837, 41.842455909025297 ], [ -71.335197, 41.8355 ], [ -71.33750452, 41.83376936 ], [ -71.337597, 41.8337 ], [ -71.339597, 41.832 ], [ -71.342839369299099, 41.8295529288309 ], [ -71.344897, 41.828 ], [ -71.345888731740601, 41.825887180204802 ], [ -71.347197, 41.8231 ], [ -71.339197, 41.809 ], [ -71.339021706896503, 41.808590982758602 ], [ -71.339003743144204, 41.808549067336401 ], [ -71.338897, 41.8083 ], [ -71.339273611764696, 41.806605247058798 ], [ -71.339297, 41.8065 ], [ -71.339297, 41.8044 ], [ -71.340797, 41.8002 ], [ -71.340697, 41.7983 ], [ -71.339297, 41.7963 ], [ -71.335797, 41.7948 ], [ -71.333896, 41.7945 ], [ -71.332196, 41.7923 ], [ -71.331060754267995, 41.790146947749598 ], [ -71.330116164759104, 41.788355484887902 ], [ -71.329296, 41.7868 ], [ -71.329396, 41.7826 ], [ -71.327896, 41.780501 ], [ -71.317924233562906, 41.776157294196302 ], [ -71.31995, 41.77451 ], [ -71.324717, 41.771201 ], [ -71.331997, 41.766165 ], [ -71.332659, 41.765715 ], [ -71.336781, 41.762855 ], [ -71.342395, 41.758965 ], [ -71.351495, 41.752635 ], [ -71.353897, 41.751301 ], [ -71.355818, 41.745061 ], [ -71.355896553763401, 41.745061 ], [ -71.359896, 41.745061 ], [ -71.359421, 41.746657 ], [ -71.360134, 41.749494 ], [ -71.362348, 41.75089 ], [ -71.360847, 41.755168 ], [ -71.361262186430807, 41.757567437038801 ], [ -71.361270916919906, 41.757617892105003 ], [ -71.361798, 41.760664 ], [ -71.362392713461503, 41.761514365180901 ], [ -71.36465, 41.764742 ], [ -71.369641, 41.764565 ], [ -71.366455500720093, 41.770425782546099 ], [ -71.366076, 41.771124 ], [ -71.366314, 41.775201 ], [ -71.365125, 41.777505 ], [ -71.366104276785407, 41.7786003341323 ], [ -71.367977, 41.780695 ], [ -71.370583, 41.780874 ], [ -71.371542, 41.783354 ], [ -71.371685333333303, 41.783382666666697 ], [ -71.369694, 41.783058 ], [ -71.371008, 41.786694 ], [ -71.370731, 41.787092 ], [ -71.372002, 41.789823 ], [ -71.372711, 41.788518 ], [ -71.373308, 41.791117 ], [ -71.377299, 41.7947 ], [ -71.380799, 41.7963 ], [ -71.385199, 41.8021 ], [ -71.390099, 41.8052 ], [ -71.393499, 41.8071 ], [ -71.394984, 41.810773 ], [ -71.395258, 41.811669 ] ] ] } },
{ "type": "Feature", "properties": { "GEOID": "4400961160", "COUSUBFP": "61160", "NAMELSAD": "Richmond town", "Total Population Estimate": 8142, "NAME": "Richmond town, Washington County, Rhode Island", "state": "44", "county": "009", "county subdivision": "61160", "Total Population Estimate_moe": 38.0 }, "geometry": { "type": "Polygon", "coordinates": [ [ [ -71.722534, 41.437772 ], [ -71.720656, 41.438965 ], [ -71.720196, 41.441058 ], [ -71.718039, 41.443527 ], [ -71.715777, 41.443658 ], [ -71.717252, 41.447468 ], [ -71.717014, 41.449896 ], [ -71.714457, 41.451194 ], [ -71.714225, 41.453629 ], [ -71.711913, 41.454315 ], [ -71.712684, 41.455415 ], [ -71.711227, 41.456186 ], [ -71.712884, 41.457954 ], [ -71.712331, 41.459809 ], [ -71.715565, 41.460839 ], [ -71.719774, 41.459757 ], [ -71.721212, 41.460601 ], [ -71.720241, 41.462485 ], [ -71.719837, 41.465084 ], [ -71.720896, 41.465889 ], [ -71.719892, 41.467215 ], [ -71.717396, 41.468192 ], [ -71.717808, 41.470054 ], [ -71.716555, 41.471043 ], [ -71.718458, 41.47125 ], [ -71.717444, 41.473342 ], [ -71.717566, 41.475 ], [ -71.71586, 41.475161 ], [ -71.716869, 41.47697 ], [ -71.715204, 41.478069 ], [ -71.713721, 41.477799 ], [ -71.714992, 41.482794 ], [ -71.714252, 41.483783 ], [ -71.712173, 41.484272 ], [ -71.714387, 41.484913 ], [ -71.71727, 41.484599 ], [ -71.717841, 41.486827 ], [ -71.716572, 41.488264 ], [ -71.715338, 41.491766 ], [ -71.716156, 41.495201 ], [ -71.716353, 41.498383 ], [ -71.714927, 41.49869 ], [ -71.716494, 41.503123 ], [ -71.715461, 41.504794 ], [ -71.712194, 41.504874 ], [ -71.711304, 41.506242 ], [ -71.712467, 41.50782 ], [ -71.708109, 41.509564 ], [ -71.707707, 41.511185 ], [ -71.705675, 41.512146 ], [ -71.704673, 41.514122 ], [ -71.704902, 41.514294 ], [ -71.705496, 41.515106 ], [ -71.700516, 41.517371 ], [ -71.691609, 41.522401 ], [ -71.689332, 41.523911 ], [ -71.687225, 41.52841 ], [ -71.69547, 41.528641 ], [ -71.696625, 41.530412 ], [ -71.694611, 41.532857 ], [ -71.697095, 41.534975 ], [ -71.697545, 41.53759 ], [ -71.698542, 41.538804 ], [ -71.696057, 41.539954 ], [ -71.696852, 41.54295 ], [ -71.698288, 41.544013 ], [ -71.69704, 41.544815 ], [ -71.698762, 41.545408 ], [ -71.700835, 41.548851 ], [ -71.704404, 41.549139 ], [ -71.706887, 41.547121 ], [ -71.709243, 41.547561 ], [ -71.711031, 41.550201 ], [ -71.713205, 41.55002 ], [ -71.714776, 41.551721 ], [ -71.714007, 41.552871 ], [ -71.715018, 41.554203 ], [ -71.663399, 41.559669 ], [ -71.66143, 41.559854 ], [ -71.620715, 41.564234 ], [ -71.613042, 41.525121 ], [ -71.609332, 41.506657 ], [ -71.608322, 41.502623 ], [ -71.607724, 41.50248 ], [ -71.607486, 41.500928 ], [ -71.609517, 41.498023 ], [ -71.608745, 41.496982 ], [ -71.60893, 41.495366 ], [ -71.60769, 41.493804 ], [ -71.608645, 41.492874 ], [ -71.608014, 41.489476 ], [ -71.608914, 41.487737 ], [ -71.606264, 41.487504 ], [ -71.604273, 41.486451 ], [ -71.60405, 41.485218 ], [ -71.602006, 41.483385 ], [ -71.602665, 41.482122 ], [ -71.60099, 41.480659 ], [ -71.601182, 41.477786 ], [ -71.603944, 41.477632 ], [ -71.605898, 41.475669 ], [ -71.605019, 41.473072 ], [ -71.602385, 41.47109 ], [ -71.602046, 41.469427 ], [ -71.599174, 41.466755 ], [ -71.596917, 41.461389 ], [ -71.598548, 41.45982 ], [ -71.598628, 41.458042 ], [ -71.602462, 41.456405 ], [ -71.604415, 41.455066 ], [ -71.605182, 41.453755 ], [ -71.607325, 41.452515 ], [ -71.608912, 41.452227 ], [ -71.609732, 41.45238 ], [ -71.612286, 41.452041 ], [ -71.61601, 41.449381 ], [ -71.618376, 41.446675 ], [ -71.621284, 41.445992 ], [ -71.624082, 41.446395 ], [ -71.626803, 41.445229 ], [ -71.627247, 41.447071 ], [ -71.628831, 41.447999 ], [ -71.630022, 41.446954 ], [ -71.631818, 41.447101 ], [ -71.632774, 41.448977 ], [ -71.6372, 41.447596 ], [ -71.639781, 41.44595 ], [ -71.642705, 41.446973 ], [ -71.645526, 41.448686 ], [ -71.649385, 41.44888 ], [ -71.649158, 41.450129 ], [ -71.650827, 41.451435 ], [ -71.650113, 41.453522 ], [ -71.651324, 41.455257 ], [ -71.655227, 41.459137 ], [ -71.658664, 41.458606 ], [ -71.662053, 41.4595 ], [ -71.663612, 41.458424 ], [ -71.66434, 41.458418 ], [ -71.669478, 41.460783 ], [ -71.671716, 41.461088 ], [ -71.674437, 41.457967 ], [ -71.675481, 41.453217 ], [ -71.676579, 41.452054 ], [ -71.676942, 41.448839 ], [ -71.681129, 41.446046 ], [ -71.681287, 41.442982 ], [ -71.684142, 41.439688 ], [ -71.685394, 41.439046 ], [ -71.685252, 41.43766 ], [ -71.68647, 41.436971 ], [ -71.685342, 41.434737 ], [ -71.68938, 41.433674 ], [ -71.692143, 41.43277 ], [ -71.6927, 41.433621 ], [ -71.694152, 41.43294 ], [ -71.69706, 41.432953 ], [ -71.699459, 41.431775 ], [ -71.699735, 41.430431 ], [ -71.699916, 41.430362 ], [ -71.700371, 41.430876 ], [ -71.700738, 41.430872 ], [ -71.701384, 41.430646 ], [ -71.701477, 41.430421 ], [ -71.702055, 41.43233 ], [ -71.702936, 41.431774 ], [ -71.705633, 41.433536 ], [ -71.707506, 41.435392 ], [ -71.714559, 41.433743 ], [ -71.716823, 41.434125 ], [ -71.716366, 41.433054 ], [ -71.717502, 41.431245 ], [ -71.716884, 41.430423 ], [ -71.719006, 41.428324 ], [ -71.720631, 41.431586 ], [ -71.720986, 41.435957 ], [ -71.722534, 41.437772 ] ] ] } },
{ "type": "Feature", "properties": { "GEOID": "4400720080", "COUSUBFP": "20080", "NAMELSAD": "Cumberland town", "Total Population Estimate": 36820, "NAME": "Cumberland town, Providence County, Rhode Island", "state": "44", "county": "007", "county subdivision": "20080", "Total Population Estimate_moe": 66.0 }, "geometry": { "type": "Polygon", "coordinates": [ [ [ -71.487364, 41.979085 ], [ -71.480327, 41.986378 ], [ -71.472726, 41.99426 ], [ -71.463733, 42.003586 ], [ -71.459891, 42.00757 ], [ -71.459297, 42.010551 ], [ -71.458214, 42.017479 ], [ -71.458116645126296, 42.0177622119067 ], [ -71.458103519194296, 42.017762389128499 ], [ -71.424356923381694, 42.018218023987302 ], [ -71.414418614614107, 42.018352207593097 ], [ -71.381401, 42.018798 ], [ -71.3814370412492, 42.000020869558398 ], [ -71.381465710800597, 41.985084319988502 ], [ -71.381470259693401, 41.982714392318499 ], [ -71.381491978293695, 41.971399218772497 ], [ -71.381501, 41.966699 ], [ -71.381401, 41.964799 ], [ -71.381457682511694, 41.952864340490599 ], [ -71.381457692281202, 41.952862283502697 ], [ -71.381481898708998, 41.9477655532284 ], [ -71.3816, 41.922899 ], [ -71.3817, 41.922699 ], [ -71.3817, 41.915577138679197 ], [ -71.3817, 41.914816 ], [ -71.3817, 41.914659653225797 ], [ -71.3817, 41.903598 ], [ -71.3817, 41.897062 ], [ -71.386348, 41.899636 ], [ -71.388268, 41.899805 ], [ -71.39006, 41.899319 ], [ -71.391739, 41.898343 ], [ -71.394296, 41.897652 ], [ -71.394782, 41.898625 ], [ -71.398398, 41.90028 ], [ -71.399669, 41.901678 ], [ -71.400479, 41.901367 ], [ -71.399604, 41.906355 ], [ -71.397052, 41.910616 ], [ -71.399053, 41.91205 ], [ -71.403023, 41.911393 ], [ -71.405393, 41.910999 ], [ -71.407214, 41.911842 ], [ -71.408959, 41.913861 ], [ -71.416233, 41.917808 ], [ -71.418425, 41.918819 ], [ -71.419443, 41.920627 ], [ -71.4217, 41.922145 ], [ -71.425322, 41.922463 ], [ -71.428327, 41.923543 ], [ -71.430939, 41.926987 ], [ -71.431287, 41.930541 ], [ -71.430717, 41.933398 ], [ -71.430955, 41.934636 ], [ -71.433982, 41.938219 ], [ -71.438092, 41.942627 ], [ -71.439703, 41.943776 ], [ -71.442549, 41.94741 ], [ -71.450987, 41.949913 ], [ -71.452315, 41.953105 ], [ -71.455219, 41.955634 ], [ -71.457241, 41.956568 ], [ -71.461781, 41.957415 ], [ -71.462227, 41.960573 ], [ -71.465011, 41.965998 ], [ -71.464389, 41.968096 ], [ -71.46536, 41.969389 ], [ -71.469992, 41.971108 ], [ -71.474141, 41.972624 ], [ -71.478657, 41.977141 ], [ -71.486156, 41.978222 ], [ -71.487364, 41.979085 ] ] ] } },
{ "type": "Feature", "properties": { "GEOID": "4400759000", "COUSUBFP": "59000", "NAMELSAD": "Providence city", "Total Population Estimate": 191767, "NAME": "Providence city, Providence County, Rhode Island", "state": "44", "county": "007", "county subdivision": "59000", "Total Population Estimate_moe": 114.0 }, "geometry": { "type": "Polygon", "coordinates": [ [ [ -71.472459, 41.836981 ], [ -71.468742, 41.83926 ], [ -71.46456, 41.842066 ], [ -71.460292, 41.844957 ], [ -71.459526, 41.84544 ], [ -71.455905, 41.847903 ], [ -71.448324, 41.852981 ], [ -71.446686, 41.85405 ], [ -71.442986, 41.856556 ], [ -71.434998, 41.861824 ], [ -71.429906, 41.861255 ], [ -71.422155, 41.860266 ], [ -71.417418, 41.859666 ], [ -71.411057, 41.858913 ], [ -71.409275, 41.856601 ], [ -71.405543, 41.856672 ], [ -71.399596, 41.856782 ], [ -71.391101, 41.856945 ], [ -71.383719, 41.857086 ], [ -71.379003, 41.857478 ], [ -71.376699, 41.8575 ], [ -71.375021, 41.857449 ], [ -71.372334, 41.850548 ], [ -71.37226, 41.844157 ], [ -71.372247, 41.843337 ], [ -71.372996, 41.838065 ], [ -71.373099, 41.8366 ], [ -71.373587, 41.832486 ], [ -71.377434, 41.829288 ], [ -71.382797, 41.822695 ], [ -71.385572, 41.818996 ], [ -71.387083, 41.816372 ], [ -71.393528, 41.814756 ], [ -71.395258, 41.811669 ], [ -71.394984, 41.810773 ], [ -71.393499, 41.8071 ], [ -71.390099, 41.8052 ], [ -71.385199, 41.8021 ], [ -71.380799, 41.7963 ], [ -71.377299, 41.7947 ], [ -71.373308, 41.791117 ], [ -71.372711, 41.788518 ], [ -71.372002, 41.789823 ], [ -71.370731, 41.787092 ], [ -71.371008, 41.786694 ], [ -71.369694, 41.783058 ], [ -71.371685333333303, 41.783382666666697 ], [ -71.381287, 41.785303 ], [ -71.382471564250494, 41.785099183389498 ], [ -71.389413, 41.786335 ], [ -71.395042, 41.786148 ], [ -71.397728, 41.78603 ], [ -71.398247, 41.786011 ], [ -71.401657, 41.785889 ], [ -71.404259, 41.785849 ], [ -71.403051, 41.782979 ], [ -71.403768, 41.780956 ], [ -71.405114, 41.779328 ], [ -71.406397, 41.778957 ], [ -71.408787, 41.778125 ], [ -71.410036, 41.77376 ], [ -71.411947, 41.772381 ], [ -71.413296, 41.772831 ], [ -71.414963, 41.773193 ], [ -71.419429, 41.77634 ], [ -71.42381, 41.777267 ], [ -71.422132, 41.78186 ], [ -71.42061, 41.786184 ], [ -71.421667, 41.78619 ], [ -71.431603, 41.786254 ], [ -71.434046, 41.786307 ], [ -71.436482, 41.788412 ], [ -71.437769, 41.793399 ], [ -71.438541, 41.794229 ], [ -71.43934, 41.797241 ], [ -71.439266, 41.802027 ], [ -71.439938, 41.803415 ], [ -71.440252, 41.803705 ], [ -71.440541, 41.803946 ], [ -71.441318, 41.80475 ], [ -71.442015, 41.80604 ], [ -71.442223, 41.807203 ], [ -71.443678, 41.807032 ], [ -71.447533, 41.806614 ], [ -71.45023, 41.80637 ], [ -71.452314, 41.806133 ], [ -71.457703, 41.805569 ], [ -71.461882, 41.805099 ], [ -71.463665, 41.805046 ], [ -71.464583, 41.804991 ], [ -71.46492, 41.805874 ], [ -71.467072, 41.80447 ], [ -71.469165, 41.804864 ], [ -71.466803, 41.8078 ], [ -71.468703, 41.8106 ], [ -71.466551, 41.810742 ], [ -71.468193, 41.815445 ], [ -71.46965, 41.818876 ], [ -71.470031, 41.819828 ], [ -71.470877, 41.821944 ], [ -71.471077, 41.822384 ], [ -71.471306, 41.824139 ], [ -71.465216, 41.824604 ], [ -71.462423, 41.824687 ], [ -71.462432, 41.827413 ], [ -71.464769, 41.831048 ], [ -71.46759, 41.831491 ], [ -71.470444, 41.832912 ], [ -71.472432, 41.834181 ], [ -71.472459, 41.836981 ] ] ] } },
{ "type": "Feature", "properties": { "GEOID": "4400948340", "COUSUBFP": "48340", "NAMELSAD": "Narragansett town", "Total Population Estimate": 14494, "NAME": "Narragansett town, Washington County, Rhode Island", "state": "44", "county": "009", "county subdivision": "48340", "Total Population Estimate_moe": 20.0 }, "geometry": { "type": "Polygon", "coordinates": [ [ [ -71.522803613567206, 41.376689882057498 ], [ -71.519392, 41.380204 ], [ -71.517312, 41.382136 ], [ -71.51464, 41.38479 ], [ -71.50839, 41.399198 ], [ -71.504827, 41.407512 ], [ -71.503202, 41.417601 ], [ -71.497101, 41.417502 ], [ -71.495801, 41.422601 ], [ -71.495501, 41.424101 ], [ -71.494802, 41.427301 ], [ -71.491758, 41.429765 ], [ -71.491614, 41.42998 ], [ -71.489991, 41.431714 ], [ -71.489553, 41.431911 ], [ -71.487704, 41.432149 ], [ -71.483326, 41.435421 ], [ -71.475075, 41.438877 ], [ -71.474835, 41.438891 ], [ -71.4727, 41.440015 ], [ -71.468241, 41.441712 ], [ -71.466022, 41.442563 ], [ -71.464283, 41.443543 ], [ -71.4526, 41.452202 ], [ -71.451617, 41.453157 ], [ -71.450869, 41.45791 ], [ -71.451137, 41.461604 ], [ -71.449924, 41.465952 ], [ -71.448398, 41.468729 ], [ -71.4496, 41.472401 ], [ -71.448703, 41.475007 ], [ -71.447362, 41.481249 ], [ -71.447922, 41.486443 ], [ -71.447047, 41.48833 ], [ -71.446657, 41.489077 ], [ -71.450101, 41.501801 ], [ -71.448148, 41.50279 ], [ -71.430826, 41.503164 ], [ -71.420258, 41.503379 ], [ -71.419580644600998, 41.503653219685702 ], [ -71.421425, 41.498629 ], [ -71.420858, 41.493215 ], [ -71.418603, 41.492126 ], [ -71.420759, 41.489979 ], [ -71.420267, 41.48358 ], [ -71.417957, 41.482073 ], [ -71.417621, 41.477934 ], [ -71.418404, 41.472652 ], [ -71.419442530661399, 41.471609319742697 ], [ -71.421157, 41.469888 ], [ -71.422991, 41.472682 ], [ -71.427635, 41.47254 ], [ -71.430744, 41.470636 ], [ -71.430926, 41.465655 ], [ -71.430012, 41.461141 ], [ -71.426684, 41.458825 ], [ -71.425817, 41.456002 ], [ -71.426855, 41.454127 ], [ -71.430259, 41.453036 ], [ -71.432087, 41.449389 ], [ -71.431137, 41.447301 ], [ -71.433612, 41.444995 ], [ -71.438129, 41.441654 ], [ -71.43833, 41.439585 ], [ -71.439058506827394, 41.439194430480597 ], [ -71.4406, 41.438368 ], [ -71.442223, 41.439721 ], [ -71.442788, 41.441398 ], [ -71.448948, 41.438479 ], [ -71.454629729538695, 41.433953881781001 ], [ -71.454680757177101, 41.433913241674098 ], [ -71.454686655012395, 41.433908544442097 ], [ -71.454714803634502, 41.433886125943999 ], [ -71.455845, 41.432986 ], [ -71.455004, 41.430318 ], [ -71.455388, 41.428005 ], [ -71.45482, 41.421821 ], [ -71.452643, 41.41778 ], [ -71.452641797011395, 41.416871142137303 ], [ -71.452639, 41.414758 ], [ -71.452974, 41.409676 ], [ -71.455371, 41.407962 ], [ -71.456211, 41.405123 ], [ -71.459242, 41.403119 ], [ -71.462325, 41.401276 ], [ -71.462523, 41.398224 ], [ -71.463743, 41.395753 ], [ -71.467312, 41.394951 ], [ -71.468984, 41.393621 ], [ -71.4703911739429, 41.391838437389801 ], [ -71.474918, 41.386104 ], [ -71.484203, 41.371842 ], [ -71.48294, 41.365929 ], [ -71.480439, 41.362416 ], [ -71.480702076382002, 41.361107858724203 ], [ -71.480875, 41.360248 ], [ -71.484658, 41.361436 ], [ -71.487696, 41.361487 ], [ -71.489218, 41.362373 ], [ -71.488956, 41.364351 ], [ -71.494898, 41.368275 ], [ -71.497275, 41.371307 ], [ -71.502926, 41.3742 ], [ -71.513401, 41.375237 ], [ -71.520163, 41.376523 ], [ -71.522803613567206, 41.376689882057498 ] ] ] } },
{ "type": "Feature", "properties": { "GEOID": "4400374300", "COUSUBFP": "74300", "NAMELSAD": "Warwick city", "Total Population Estimate": 83175, "NAME": "Warwick city, Kent County, Rhode Island", "state": "44", "county": "003", "county subdivision": "74300", "Total Population Estimate_moe": 33.0 }, "geometry": { "type": "MultiPolygon", "coordinates": [ [ [ [ -71.468692, 41.638594 ], [ -71.464831, 41.638904 ], [ -71.465652, 41.643098 ], [ -71.458654, 41.649266 ], [ -71.458017, 41.649809 ], [ -71.454876, 41.647445 ], [ -71.452157, 41.648492 ], [ -71.450376, 41.651449 ], [ -71.449315, 41.652566 ], [ -71.446018, 41.655376 ], [ -71.443021, 41.6602 ], [ -71.442376937455805, 41.663611476915897 ], [ -71.442148, 41.663728 ], [ -71.440996, 41.666231 ], [ -71.440153, 41.666843 ], [ -71.434748, 41.666263 ], [ -71.430038, 41.667541 ], [ -71.426647, 41.669526 ], [ -71.426086, 41.670484 ], [ -71.424285, 41.670275 ], [ -71.417652, 41.665298 ], [ -71.408621, 41.663168 ], [ -71.408858, 41.657841 ], [ -71.4088799626671, 41.653840657068301 ], [ -71.417581, 41.654952 ], [ -71.423884, 41.653888 ], [ -71.428941, 41.650569 ], [ -71.432796, 41.651323 ], [ -71.435944, 41.649223 ], [ -71.439301, 41.648023 ], [ -71.440925, 41.64618 ], [ -71.442508, 41.645818 ], [ -71.442717, 41.644398 ], [ -71.441986, 41.643275 ], [ -71.445084, 41.641373 ], [ -71.446277, 41.638837 ], [ -71.449286, 41.63673 ], [ -71.448447, 41.633377 ], [ -71.451366, 41.629455 ], [ -71.45311, 41.629859 ], [ -71.454404, 41.631202 ], [ -71.45423, 41.632953 ], [ -71.45558, 41.635109 ], [ -71.458324, 41.636366 ], [ -71.459123, 41.637946 ], [ -71.462354, 41.63838 ], [ -71.463436, 41.636544 ], [ -71.467844, 41.634165 ], [ -71.468692, 41.638594 ] ] ], [ [ [ -71.518913, 41.695899 ], [ -71.513336, 41.705694 ], [ -71.512764, 41.706675 ], [ -71.511904, 41.70723 ], [ -71.506691, 41.709482 ], [ -71.505188, 41.711307 ], [ -71.502365, 41.711472 ], [ -71.500786, 41.711606 ], [ -71.500253, 41.711823 ], [ -71.497116, 41.713167 ], [ -71.492892, 41.717826 ], [ -71.490539, 41.717516 ], [ -71.49028, 41.721227 ], [ -71.489327, 41.72284 ], [ -71.485802, 41.726125 ], [ -71.484781, 41.728724 ], [ -71.48391, 41.731603 ], [ -71.476815, 41.731789 ], [ -71.467939, 41.732079 ], [ -71.460599, 41.732268 ], [ -71.455342, 41.732365 ], [ -71.45285, 41.734335 ], [ -71.453736, 41.737428 ], [ -71.451278, 41.739704 ], [ -71.446198, 41.739979 ], [ -71.444684, 41.740155 ], [ -71.444359, 41.744209 ], [ -71.445327, 41.745607 ], [ -71.446538, 41.748887 ], [ -71.440619, 41.752153 ], [ -71.441165, 41.754712 ], [ -71.43912, 41.75639 ], [ -71.440574, 41.757912 ], [ -71.438829, 41.757829 ], [ -71.437561, 41.759827 ], [ -71.435883, 41.759677 ], [ -71.434069, 41.760936 ], [ -71.433775, 41.761441 ], [ -71.432968, 41.759335 ], [ -71.430969, 41.760617 ], [ -71.42989, 41.760761 ], [ -71.426224, 41.761025 ], [ -71.422957, 41.762971 ], [ -71.421994, 41.76458 ], [ -71.419797, 41.764785 ], [ -71.418715, 41.764076 ], [ -71.420091, 41.761746 ], [ -71.419078, 41.761885 ], [ -71.417848, 41.762167 ], [ -71.415806, 41.762902 ], [ -71.414383, 41.762953 ], [ -71.412183, 41.765058 ], [ -71.410702, 41.766554 ], [ -71.405203, 41.76761 ], [ -71.402355, 41.767524 ], [ -71.401395, 41.766552 ], [ -71.399577, 41.768321 ], [ -71.395628, 41.766684 ], [ -71.394121, 41.764038 ], [ -71.390534, 41.764391 ], [ -71.388517, 41.763775 ], [ -71.385659, 41.758421 ], [ -71.384733, 41.757602 ], [ -71.383804366465299, 41.7585116982739 ], [ -71.381189904219497, 41.755842816309098 ], [ -71.38105, 41.7557 ], [ -71.380172649327903, 41.749810403058902 ], [ -71.380099, 41.749316 ], [ -71.380574, 41.745947 ], [ -71.376058, 41.744174 ], [ -71.380323326885801, 41.739399956171702 ], [ -71.380812, 41.738853 ], [ -71.380810031515907, 41.738808998590102 ], [ -71.380692574314693, 41.736183484680602 ], [ -71.380574, 41.733533 ], [ -71.380989250202106, 41.728116427511097 ], [ -71.38105, 41.727324 ], [ -71.378067839148997, 41.723575827947201 ], [ -71.376534, 41.721648 ], [ -71.370374500577796, 41.718527989098099 ], [ -71.369879, 41.718277 ], [ -71.363937, 41.71739 ], [ -71.357282, 41.718188 ], [ -71.357282, 41.716592 ], [ -71.364278252149902, 41.712463920930603 ], [ -71.365717, 41.711615 ], [ -71.365717, 41.707898 ], [ -71.364412, 41.704704 ], [ -71.364672808120304, 41.703841261955503 ], [ -71.3653445835741, 41.701619067949999 ], [ -71.365646, 41.700622 ], [ -71.365601, 41.693701 ], [ -71.362748, 41.691926 ], [ -71.364887, 41.688377 ], [ -71.369377802508495, 41.6863404497415 ], [ -71.371542, 41.685359 ], [ -71.373444, 41.678614 ], [ -71.372988, 41.672575 ], [ -71.37791, 41.666646 ], [ -71.382049, 41.667317 ], [ -71.386279, 41.67098 ], [ -71.38988, 41.671903 ], [ -71.390775, 41.680629 ], [ -71.389791203528702, 41.682677171953699 ], [ -71.389432, 41.683425 ], [ -71.390551, 41.684096 ], [ -71.391504941994398, 41.684009653962903 ], [ -71.398163, 41.683407 ], [ -71.401308277210305, 41.683533563199298 ], [ -71.418069, 41.684208 ], [ -71.429962125192304, 41.686284349622397 ], [ -71.433815, 41.686957 ], [ -71.441336, 41.686446 ], [ -71.443082, 41.688303 ], [ -71.441896, 41.690025 ], [ -71.445174478126603, 41.6909360049724 ], [ -71.445923, 41.691144 ], [ -71.44848, 41.688414 ], [ -71.450198, 41.686459 ], [ -71.450056473211305, 41.684720544073201 ], [ -71.449997, 41.68399 ], [ -71.447699, 41.67787 ], [ -71.444574, 41.674298 ], [ -71.444268, 41.673647 ], [ -71.444621, 41.673016 ], [ -71.446573, 41.671959 ], [ -71.447018, 41.671216 ], [ -71.446247, 41.66631 ], [ -71.444932402152304, 41.664029 ], [ -71.445572, 41.664066 ], [ -71.450127, 41.663964 ], [ -71.451218, 41.663923 ], [ -71.45829, 41.663705 ], [ -71.45853, 41.663734 ], [ -71.490206, 41.663193 ], [ -71.499225, 41.662948 ], [ -71.498932, 41.664607 ], [ -71.499451, 41.666122 ], [ -71.499836, 41.673776 ], [ -71.500062, 41.679481 ], [ -71.500723, 41.685016 ], [ -71.50103, 41.68759 ], [ -71.501679, 41.696474 ], [ -71.506142, 41.696467 ], [ -71.511574, 41.696087 ], [ -71.515419, 41.696039 ], [ -71.518913, 41.695899 ] ] ] ] } },
{ "type": "Feature", "properties": { "GEOID": "4400173760", "COUSUBFP": "73760", "NAMELSAD": "Warren town", "Total Population Estimate": 11144, "NAME": "Warren town, Bristol County, Rhode Island", "state": "44", "county": "001", "county subdivision": "73760", "Total Population Estimate_moe": 26.0 }, "geometry": { "type": "Polygon", "coordinates": [ [ [ -71.292854, 41.711759 ], [ -71.289294, 41.716001 ], [ -71.287604, 41.722949 ], [ -71.287478, 41.723803 ], [ -71.287294, 41.728501 ], [ -71.289494, 41.732601 ], [ -71.2898, 41.733807 ], [ -71.289337, 41.737427 ], [ -71.289002, 41.738959 ], [ -71.286593, 41.742401 ], [ -71.284401771686902, 41.762010280821002 ], [ -71.261392, 41.752301 ], [ -71.254742994474697, 41.7447183583796 ], [ -71.252130745750705, 41.741739304471203 ], [ -71.245332603860504, 41.733986585144798 ], [ -71.245246495566306, 41.733888385747399 ], [ -71.226236731664699, 41.712209320147899 ], [ -71.225791, 41.711701 ], [ -71.224798, 41.710498 ], [ -71.227875, 41.705498 ], [ -71.232975, 41.701953 ], [ -71.240991, 41.697744 ], [ -71.243671, 41.698404 ], [ -71.243694548197894, 41.698390326852802 ], [ -71.24443, 41.701208 ], [ -71.246558, 41.703415 ], [ -71.25153, 41.715408 ], [ -71.255492, 41.714601 ], [ -71.267494, 41.712886 ], [ -71.280524, 41.711059 ], [ -71.291377, 41.70955 ], [ -71.294039, 41.71028 ], [ -71.292854, 41.711759 ] ] ] } },
{ "type": "Feature", "properties": { "GEOID": "4400719180", "COUSUBFP": "19180", "NAMELSAD": "Cranston city", "Total Population Estimate": 83250, "NAME": "Cranston city, Providence County, Rhode Island", "state": "44", "county": "007", "county subdivision": "19180", "Total Population Estimate_moe": 48.0 }, "geometry": { "type": "Polygon", "coordinates": [ [ [ -71.55524, 41.789537 ], [ -71.54731, 41.792126 ], [ -71.534225, 41.793213 ], [ -71.530556, 41.791447 ], [ -71.526405, 41.790329 ], [ -71.521797, 41.789738 ], [ -71.51894, 41.788879 ], [ -71.516174, 41.788582 ], [ -71.513844, 41.788417 ], [ -71.506058, 41.788879 ], [ -71.503067, 41.789143 ], [ -71.497426, 41.790893 ], [ -71.48941, 41.791679 ], [ -71.487373, 41.793221 ], [ -71.484276, 41.795246 ], [ -71.482727, 41.795998 ], [ -71.481354, 41.796497 ], [ -71.479736, 41.796852 ], [ -71.47231, 41.79646 ], [ -71.471598, 41.79831 ], [ -71.469597, 41.798812 ], [ -71.467582, 41.798109 ], [ -71.466027, 41.803749 ], [ -71.463665, 41.805046 ], [ -71.461882, 41.805099 ], [ -71.457703, 41.805569 ], [ -71.452314, 41.806133 ], [ -71.45023, 41.80637 ], [ -71.447533, 41.806614 ], [ -71.443678, 41.807032 ], [ -71.442223, 41.807203 ], [ -71.442015, 41.80604 ], [ -71.441318, 41.80475 ], [ -71.440541, 41.803946 ], [ -71.440252, 41.803705 ], [ -71.439938, 41.803415 ], [ -71.439266, 41.802027 ], [ -71.43934, 41.797241 ], [ -71.438541, 41.794229 ], [ -71.437769, 41.793399 ], [ -71.436482, 41.788412 ], [ -71.434046, 41.786307 ], [ -71.431603, 41.786254 ], [ -71.421667, 41.78619 ], [ -71.42061, 41.786184 ], [ -71.422132, 41.78186 ], [ -71.42381, 41.777267 ], [ -71.419429, 41.77634 ], [ -71.414963, 41.773193 ], [ -71.413296, 41.772831 ], [ -71.411947, 41.772381 ], [ -71.410036, 41.77376 ], [ -71.408787, 41.778125 ], [ -71.406397, 41.778957 ], [ -71.405114, 41.779328 ], [ -71.403768, 41.780956 ], [ -71.403051, 41.782979 ], [ -71.404259, 41.785849 ], [ -71.401657, 41.785889 ], [ -71.398247, 41.786011 ], [ -71.397728, 41.78603 ], [ -71.395042, 41.786148 ], [ -71.389413, 41.786335 ], [ -71.382471564250494, 41.785099183389498 ], [ -71.390557, 41.783708 ], [ -71.391745, 41.78105 ], [ -71.391219805321001, 41.779776658455901 ], [ -71.391057640859401, 41.779383488543402 ], [ -71.389927895689894, 41.7766444062255 ], [ -71.389844, 41.776441 ], [ -71.388401, 41.773862 ], [ -71.385495, 41.768664 ], [ -71.385566, 41.76031 ], [ -71.383804366465299, 41.7585116982739 ], [ -71.384733, 41.757602 ], [ -71.385659, 41.758421 ], [ -71.388517, 41.763775 ], [ -71.390534, 41.764391 ], [ -71.394121, 41.764038 ], [ -71.395628, 41.766684 ], [ -71.399577, 41.768321 ], [ -71.401395, 41.766552 ], [ -71.402355, 41.767524 ], [ -71.405203, 41.76761 ], [ -71.410702, 41.766554 ], [ -71.412183, 41.765058 ], [ -71.414383, 41.762953 ], [ -71.415806, 41.762902 ], [ -71.417848, 41.762167 ], [ -71.419078, 41.761885 ], [ -71.420091, 41.761746 ], [ -71.418715, 41.764076 ], [ -71.419797, 41.764785 ], [ -71.421994, 41.76458 ], [ -71.422957, 41.762971 ], [ -71.426224, 41.761025 ], [ -71.42989, 41.760761 ], [ -71.430969, 41.760617 ], [ -71.432968, 41.759335 ], [ -71.433775, 41.761441 ], [ -71.434069, 41.760936 ], [ -71.435883, 41.759677 ], [ -71.437561, 41.759827 ], [ -71.438829, 41.757829 ], [ -71.440574, 41.757912 ], [ -71.43912, 41.75639 ], [ -71.441165, 41.754712 ], [ -71.440619, 41.752153 ], [ -71.446538, 41.748887 ], [ -71.445327, 41.745607 ], [ -71.444359, 41.744209 ], [ -71.444684, 41.740155 ], [ -71.446198, 41.739979 ], [ -71.451278, 41.739704 ], [ -71.453736, 41.737428 ], [ -71.45285, 41.734335 ], [ -71.455342, 41.732365 ], [ -71.460599, 41.732268 ], [ -71.467939, 41.732079 ], [ -71.476815, 41.731789 ], [ -71.48391, 41.731603 ], [ -71.486568, 41.731519 ], [ -71.497849, 41.73115 ], [ -71.516861, 41.730608 ], [ -71.519413, 41.730469 ], [ -71.519928, 41.730443 ], [ -71.525348, 41.730328 ], [ -71.534286, 41.730171 ], [ -71.545807, 41.730097 ], [ -71.547353, 41.731203 ], [ -71.548775, 41.736607 ], [ -71.552696, 41.755455 ], [ -71.553165, 41.756984 ], [ -71.554766, 41.765271 ], [ -71.55929, 41.789344 ], [ -71.55524, 41.789537 ] ] ] } },
{ "type": "Feature", "properties": { "GEOID": "4400737720", "COUSUBFP": "37720", "NAMELSAD": "Johnston town", "Total Population Estimate": 29835, "NAME": "Johnston town, Providence County, Rhode Island", "state": "44", "county": "007", "county subdivision": "37720", "Total Population Estimate_moe": 27.0 }, "geometry": { "type": "Polygon", "coordinates": [ [ [ -71.573608, 41.858807 ], [ -71.550423, 41.861765 ], [ -71.545655, 41.86253 ], [ -71.540216, 41.863095 ], [ -71.531464, 41.864269 ], [ -71.514588, 41.866488 ], [ -71.505093, 41.867724 ], [ -71.495545, 41.868983 ], [ -71.492952, 41.867401 ], [ -71.491185, 41.864107 ], [ -71.488215, 41.86192 ], [ -71.487421, 41.859073 ], [ -71.487095, 41.856134 ], [ -71.486065, 41.854312 ], [ -71.485636, 41.853519 ], [ -71.480974, 41.850821 ], [ -71.48033, 41.845044 ], [ -71.479521, 41.844283 ], [ -71.479012, 41.843458 ], [ -71.478659, 41.842369 ], [ -71.47764, 41.841469 ], [ -71.477216, 41.837911 ], [ -71.47331, 41.838982 ], [ -71.472459, 41.836981 ], [ -71.472432, 41.834181 ], [ -71.470444, 41.832912 ], [ -71.46759, 41.831491 ], [ -71.464769, 41.831048 ], [ -71.462432, 41.827413 ], [ -71.462423, 41.824687 ], [ -71.465216, 41.824604 ], [ -71.471306, 41.824139 ], [ -71.471077, 41.822384 ], [ -71.470877, 41.821944 ], [ -71.470031, 41.819828 ], [ -71.46965, 41.818876 ], [ -71.468193, 41.815445 ], [ -71.466551, 41.810742 ], [ -71.468703, 41.8106 ], [ -71.466803, 41.8078 ], [ -71.469165, 41.804864 ], [ -71.467072, 41.80447 ], [ -71.46492, 41.805874 ], [ -71.464583, 41.804991 ], [ -71.463665, 41.805046 ], [ -71.466027, 41.803749 ], [ -71.467582, 41.798109 ], [ -71.469597, 41.798812 ], [ -71.471598, 41.79831 ], [ -71.47231, 41.79646 ], [ -71.479736, 41.796852 ], [ -71.481354, 41.796497 ], [ -71.482727, 41.795998 ], [ -71.484276, 41.795246 ], [ -71.487373, 41.793221 ], [ -71.48941, 41.791679 ], [ -71.497426, 41.790893 ], [ -71.503067, 41.789143 ], [ -71.506058, 41.788879 ], [ -71.513844, 41.788417 ], [ -71.516174, 41.788582 ], [ -71.51894, 41.788879 ], [ -71.521797, 41.789738 ], [ -71.526405, 41.790329 ], [ -71.530556, 41.791447 ], [ -71.534225, 41.793213 ], [ -71.54731, 41.792126 ], [ -71.55524, 41.789537 ], [ -71.55929, 41.789344 ], [ -71.559856, 41.789368 ], [ -71.561623, 41.797226 ], [ -71.56563, 41.814987 ], [ -71.569627, 41.835079 ], [ -71.570639, 41.838566 ], [ -71.57188, 41.844277 ], [ -71.573027, 41.851509 ], [ -71.574642, 41.858748 ], [ -71.573608, 41.858807 ] ] ] } },
{ "type": "Feature", "properties": { "GEOID": "4400741500", "COUSUBFP": "41500", "NAMELSAD": "Lincoln town", "Total Population Estimate": 22864, "NAME": "Lincoln town, Providence County, Rhode Island", "state": "44", "county": "007", "county subdivision": "41500", "Total Population Estimate_moe": 45.0 }, "geometry": { "type": "Polygon", "coordinates": [ [ [ -71.490788, 41.943241 ], [ -71.4881, 41.944398 ], [ -71.484562, 41.942777 ], [ -71.48397, 41.944455 ], [ -71.484352, 41.94593 ], [ -71.487055, 41.946442 ], [ -71.486717, 41.949926 ], [ -71.487401, 41.952056 ], [ -71.488129, 41.954871 ], [ -71.4852, 41.956312 ], [ -71.487292, 41.958456 ], [ -71.486991, 41.961232 ], [ -71.487221, 41.961536 ], [ -71.487625, 41.963139 ], [ -71.486439, 41.965911 ], [ -71.48826, 41.968354 ], [ -71.486681, 41.969489 ], [ -71.487538, 41.97296 ], [ -71.489096, 41.974743 ], [ -71.488796, 41.977047 ], [ -71.487959, 41.977536 ], [ -71.487364, 41.979085 ], [ -71.486156, 41.978222 ], [ -71.478657, 41.977141 ], [ -71.474141, 41.972624 ], [ -71.469992, 41.971108 ], [ -71.46536, 41.969389 ], [ -71.464389, 41.968096 ], [ -71.465011, 41.965998 ], [ -71.462227, 41.960573 ], [ -71.461781, 41.957415 ], [ -71.457241, 41.956568 ], [ -71.455219, 41.955634 ], [ -71.452315, 41.953105 ], [ -71.450987, 41.949913 ], [ -71.442549, 41.94741 ], [ -71.439703, 41.943776 ], [ -71.438092, 41.942627 ], [ -71.433982, 41.938219 ], [ -71.430955, 41.934636 ], [ -71.430717, 41.933398 ], [ -71.431287, 41.930541 ], [ -71.430939, 41.926987 ], [ -71.428327, 41.923543 ], [ -71.425322, 41.922463 ], [ -71.4217, 41.922145 ], [ -71.419443, 41.920627 ], [ -71.418425, 41.918819 ], [ -71.416233, 41.917808 ], [ -71.408959, 41.913861 ], [ -71.407214, 41.911842 ], [ -71.405393, 41.910999 ], [ -71.403023, 41.911393 ], [ -71.399053, 41.91205 ], [ -71.397052, 41.910616 ], [ -71.399604, 41.906355 ], [ -71.400479, 41.901367 ], [ -71.399669, 41.901678 ], [ -71.398398, 41.90028 ], [ -71.394782, 41.898625 ], [ -71.394296, 41.897652 ], [ -71.397243, 41.896782 ], [ -71.404568, 41.894824 ], [ -71.404691, 41.894784 ], [ -71.407055, 41.89191 ], [ -71.406227, 41.888491 ], [ -71.405817, 41.887239 ], [ -71.403706, 41.881059 ], [ -71.405004, 41.880894 ], [ -71.406403, 41.880716 ], [ -71.415553, 41.879547 ], [ -71.4219, 41.878695 ], [ -71.433654, 41.87721 ], [ -71.438179, 41.876588 ], [ -71.449154, 41.875242 ], [ -71.455584, 41.874429 ], [ -71.463265, 41.873529 ], [ -71.466759, 41.872767 ], [ -71.473389, 41.891975 ], [ -71.481095, 41.914774 ], [ -71.482147, 41.917689 ], [ -71.482705, 41.919002 ], [ -71.4845, 41.924989 ], [ -71.489167, 41.938469 ], [ -71.490788, 41.943241 ] ] ] } },
{ "type": "Feature", "properties": { "GEOID": "4400780780", "COUSUBFP": "80780", "NAMELSAD": "Woonsocket city", "Total Population Estimate": 43521, "NAME": "Woonsocket city, Providence County, Rhode Island", "state": "44", "county": "007", "county subdivision": "80780", "Total Population Estimate_moe": 41.0 }, "geometry": { "type": "Polygon", "coordinates": [ [ [ -71.540116, 42.009805 ], [ -71.529707, 42.009877 ], [ -71.52999, 42.011045 ], [ -71.528928067352396, 42.0149707554367 ], [ -71.527699961165496, 42.014996063691001 ], [ -71.527606, 42.014998 ], [ -71.527306, 42.015098 ], [ -71.524641187533902, 42.015299872085599 ], [ -71.511633399473496, 42.016285273249302 ], [ -71.502055503273596, 42.017010843962503 ], [ -71.502049541112896, 42.017011295624201 ], [ -71.500905, 42.017098 ], [ -71.499905, 42.017198 ], [ -71.498258301061995, 42.0172202331592 ], [ -71.491354280241097, 42.017313448859198 ], [ -71.483783117964904, 42.017415672072303 ], [ -71.483712882956993, 42.017416620361097 ], [ -71.458116645126296, 42.0177622119067 ], [ -71.458214, 42.017479 ], [ -71.459297, 42.010551 ], [ -71.459891, 42.00757 ], [ -71.463733, 42.003586 ], [ -71.472726, 41.99426 ], [ -71.480327, 41.986378 ], [ -71.487364, 41.979085 ], [ -71.491746, 41.979612 ], [ -71.50706, 41.981877 ], [ -71.515232, 41.983106 ], [ -71.515503, 41.983174 ], [ -71.515797, 41.983276 ], [ -71.518066, 41.983696 ], [ -71.522354, 41.985653 ], [ -71.528008, 41.988407 ], [ -71.531662, 41.989556 ], [ -71.531694, 41.989614 ], [ -71.531975, 41.990264 ], [ -71.533301, 41.993419 ], [ -71.536049, 41.999997 ], [ -71.540116, 42.009805 ] ] ] } },
{ "type": "Feature", "properties": { "GEOID": "4400536820", "COUSUBFP": "36820", "NAMELSAD": "Jamestown town", "Total Population Estimate": 5534, "NAME": "Jamestown town, Newport County, Rhode Island", "state": "44", "county": "005", "county subdivision": "36820", "Total Population Estimate_moe": 15.0 }, "geometry": { "type": "MultiPolygon", "coordinates": [ [ [ [ -71.346285, 41.534168 ], [ -71.345913, 41.53695 ], [ -71.344984, 41.537923 ], [ -71.343126, 41.535837 ], [ -71.342382, 41.532498 ], [ -71.342568, 41.52902 ], [ -71.344426, 41.529159 ], [ -71.345913, 41.529577 ], [ -71.346285, 41.534168 ] ] ], [ [ [ -71.40056, 41.46094 ], [ -71.399063, 41.463878 ], [ -71.395904, 41.464713 ], [ -71.394417, 41.46722 ], [ -71.39609, 41.471397 ], [ -71.397577, 41.473764 ], [ -71.396648, 41.478916 ], [ -71.398134, 41.484903 ], [ -71.397507, 41.486979 ], [ -71.399993, 41.488801 ], [ -71.40055, 41.490332 ], [ -71.399435, 41.492977 ], [ -71.396833, 41.493255 ], [ -71.395927, 41.492215 ], [ -71.392373, 41.491863 ], [ -71.388846, 41.492859 ], [ -71.386511, 41.493071 ], [ -71.38401, 41.493812 ], [ -71.384650031385405, 41.496015634941898 ], [ -71.38494, 41.497014 ], [ -71.383453, 41.50105 ], [ -71.378914, 41.504948 ], [ -71.379050177617202, 41.505591375006702 ], [ -71.379179, 41.5062 ], [ -71.382996, 41.5082 ], [ -71.38494, 41.510792 ], [ -71.391005, 41.514578 ], [ -71.392559, 41.517611 ], [ -71.392137, 41.524468 ], [ -71.388842, 41.534446 ], [ -71.386961177753903, 41.537178818648201 ], [ -71.385683, 41.539036 ], [ -71.386613, 41.545832 ], [ -71.385497, 41.548355 ], [ -71.384478, 41.556736 ], [ -71.383734, 41.558241 ], [ -71.381409, 41.558786 ], [ -71.38132, 41.563123 ], [ -71.379021, 41.567772 ], [ -71.373618, 41.573214 ], [ -71.371786057396804, 41.573614737444402 ], [ -71.370194, 41.573963 ], [ -71.36356, 41.57086 ], [ -71.362825, 41.565599 ], [ -71.361907, 41.564346 ], [ -71.359868, 41.556308 ], [ -71.360405, 41.547792 ], [ -71.362267, 41.543766 ], [ -71.364683, 41.541401 ], [ -71.364869, 41.539593 ], [ -71.36394, 41.53542 ], [ -71.362639, 41.532498 ], [ -71.361338, 41.526377 ], [ -71.361561, 41.523587 ], [ -71.363382, 41.518585 ], [ -71.365426, 41.516637 ], [ -71.365612, 41.513993 ], [ -71.3655976650669, 41.5139186020753 ], [ -71.365233, 41.512026 ], [ -71.363382, 41.510097 ], [ -71.361152, 41.510097 ], [ -71.359851, 41.510653 ], [ -71.357621, 41.508705 ], [ -71.358922, 41.503277 ], [ -71.363175, 41.501191 ], [ -71.365984, 41.498823 ], [ -71.366476883485802, 41.495251585729498 ], [ -71.366541, 41.494787 ], [ -71.363203, 41.489704 ], [ -71.360867, 41.486148 ], [ -71.35948, 41.483093 ], [ -71.355949, 41.481144 ], [ -71.35409, 41.480448 ], [ -71.354315, 41.478891 ], [ -71.357064, 41.479195 ], [ -71.358736, 41.477106 ], [ -71.364239, 41.476476 ], [ -71.368214, 41.477802 ], [ -71.371745, 41.477524 ], [ -71.37286, 41.475435 ], [ -71.37509, 41.473764 ], [ -71.376763, 41.474878 ], [ -71.378249, 41.479334 ], [ -71.378249, 41.482815 ], [ -71.379179, 41.486156 ], [ -71.380665, 41.488801 ], [ -71.383453, 41.488662 ], [ -71.38624, 41.487687 ], [ -71.385311, 41.485321 ], [ -71.384702, 41.482822 ], [ -71.384754, 41.478359 ], [ -71.382152, 41.472372 ], [ -71.381594, 41.468055 ], [ -71.383586, 41.464782 ], [ -71.384505, 41.464108 ], [ -71.386798, 41.464574 ], [ -71.389028, 41.465549 ], [ -71.390143, 41.464156 ], [ -71.389284, 41.460605 ], [ -71.390275, 41.455043 ], [ -71.396037, 41.452016 ], [ -71.399568, 41.448596 ], [ -71.40078, 41.454975 ], [ -71.40056, 41.46094 ] ] ], [ [ [ -71.405096, 41.498214 ], [ -71.402966, 41.502999 ], [ -71.403626, 41.504566 ], [ -71.401407, 41.506267 ], [ -71.399621, 41.506617 ], [ -71.397391, 41.5062 ], [ -71.396276, 41.503695 ], [ -71.400349, 41.500106 ], [ -71.401791, 41.500095 ], [ -71.403238, 41.497583 ], [ -71.404475, 41.497328 ], [ -71.405096, 41.498214 ] ] ] ] } },
{ "type": "Feature", "properties": { "GEOID": "4400570880", "COUSUBFP": "70880", "NAMELSAD": "Tiverton town", "Total Population Estimate": 16189, "NAME": "Tiverton town, Newport County, Rhode Island", "state": "44", "county": "005", "county subdivision": "70880", "Total Population Estimate_moe": 29.0 }, "geometry": { "type": "Polygon", "coordinates": [ [ [ -71.220998, 41.560877 ], [ -71.219933, 41.562483 ], [ -71.218714, 41.562678 ], [ -71.216863, 41.561819 ], [ -71.214220249135096, 41.560072688855797 ], [ -71.21407544, 41.559977 ], [ -71.211415, 41.558219 ], [ -71.209823, 41.558709 ], [ -71.209563, 41.560292 ], [ -71.210207, 41.563039 ], [ -71.20865, 41.571028 ], [ -71.208352, 41.581172 ], [ -71.214436, 41.583659 ], [ -71.214674, 41.585971 ], [ -71.209445, 41.590593 ], [ -71.209207, 41.59397 ], [ -71.205671967668096, 41.594299985926298 ], [ -71.205404, 41.594325 ], [ -71.205106462910905, 41.594643112413998 ], [ -71.203741, 41.596103 ], [ -71.204153766343794, 41.597440872399098 ], [ -71.204454, 41.598414 ], [ -71.20778, 41.60066 ], [ -71.211940312888501, 41.608690530128499 ], [ -71.212656, 41.610072 ], [ -71.2121333145449, 41.618329657272497 ], [ -71.212118455457997, 41.618564408873702 ], [ -71.212115, 41.618619 ], [ -71.212046233172799, 41.619833550796997 ], [ -71.211837, 41.623529 ], [ -71.215308, 41.625491 ], [ -71.216743975399197, 41.625586908320003 ], [ -71.214127, 41.638142 ], [ -71.213929575282805, 41.639103 ], [ -71.211822, 41.639103 ], [ -71.210871, 41.642301 ], [ -71.208019, 41.653135 ], [ -71.203677655001201, 41.6608346711728 ], [ -71.19564, 41.67509 ], [ -71.19439, 41.674802 ], [ -71.191178, 41.674216 ], [ -71.191175, 41.674292 ], [ -71.184333189886402, 41.673053068274797 ], [ -71.184329906138004, 41.673052473645598 ], [ -71.18129, 41.672502 ], [ -71.17599, 41.671402 ], [ -71.1760865819477, 41.668601123515401 ], [ -71.17609, 41.668502 ], [ -71.17609, 41.668102 ], [ -71.1621482835032, 41.665578726573997 ], [ -71.153989, 41.664102 ], [ -71.153588612189196, 41.664037545403502 ], [ -71.14587, 41.662795 ], [ -71.135188, 41.660502 ], [ -71.134688, 41.660502 ], [ -71.132888, 41.660102 ], [ -71.13267, 41.658744 ], [ -71.134478, 41.641262 ], [ -71.134484, 41.641198 ], [ -71.134701171322703, 41.6388899233839 ], [ -71.135675749491995, 41.628532197259297 ], [ -71.135688, 41.628402 ], [ -71.140468, 41.623893 ], [ -71.141509, 41.616076 ], [ -71.14091, 41.607405 ], [ -71.140867889254807, 41.607103816627003 ], [ -71.140588, 41.605102 ], [ -71.138549070002597, 41.603428575864598 ], [ -71.137492, 41.602561 ], [ -71.136691559521097, 41.601383232369898 ], [ -71.131618, 41.593918 ], [ -71.131491526431006, 41.593252567169898 ], [ -71.131312, 41.592308 ], [ -71.127618079575299, 41.5632308113072 ], [ -71.15612, 41.557246 ], [ -71.159843, 41.556302 ], [ -71.196739, 41.548677 ], [ -71.211722423889796, 41.545448457461099 ], [ -71.215995, 41.547178 ], [ -71.215953, 41.548464 ], [ -71.215343, 41.549297 ], [ -71.215701, 41.552131 ], [ -71.215015, 41.553836 ], [ -71.213532, 41.554741 ], [ -71.213778, 41.556795 ], [ -71.218739, 41.559296 ], [ -71.220276, 41.559587 ], [ -71.220998, 41.560877 ] ] ] } },
{ "type": "Feature", "properties": { "GEOID": "4400914500", "COUSUBFP": "14500", "NAMELSAD": "Charlestown town", "Total Population Estimate": 8051, "NAME": "Charlestown town, Washington County, Rhode Island", "state": "44", "county": "009", "county subdivision": "14500", "Total Population Estimate_moe": 26.0 }, "geometry": { "type": "Polygon", "coordinates": [ [ [ -71.731252, 41.398514 ], [ -71.728612, 41.3978 ], [ -71.727945, 41.396682 ], [ -71.727462, 41.401703 ], [ -71.723558, 41.404357 ], [ -71.723398, 41.407971 ], [ -71.727412, 41.410222 ], [ -71.728547, 41.413431 ], [ -71.730027, 41.414518 ], [ -71.729093, 41.41626 ], [ -71.729178, 41.417733 ], [ -71.725949, 41.422363 ], [ -71.725722, 41.425187 ], [ -71.726074, 41.427215 ], [ -71.721796, 41.428696 ], [ -71.719472, 41.427882 ], [ -71.719006, 41.428324 ], [ -71.716884, 41.430423 ], [ -71.717502, 41.431245 ], [ -71.716366, 41.433054 ], [ -71.716823, 41.434125 ], [ -71.714559, 41.433743 ], [ -71.707506, 41.435392 ], [ -71.705633, 41.433536 ], [ -71.702936, 41.431774 ], [ -71.702055, 41.43233 ], [ -71.701477, 41.430421 ], [ -71.701384, 41.430646 ], [ -71.700738, 41.430872 ], [ -71.700371, 41.430876 ], [ -71.699916, 41.430362 ], [ -71.699735, 41.430431 ], [ -71.699459, 41.431775 ], [ -71.69706, 41.432953 ], [ -71.694152, 41.43294 ], [ -71.6927, 41.433621 ], [ -71.692143, 41.43277 ], [ -71.68938, 41.433674 ], [ -71.685342, 41.434737 ], [ -71.68647, 41.436971 ], [ -71.685252, 41.43766 ], [ -71.685394, 41.439046 ], [ -71.684142, 41.439688 ], [ -71.681287, 41.442982 ], [ -71.681129, 41.446046 ], [ -71.676942, 41.448839 ], [ -71.676579, 41.452054 ], [ -71.675481, 41.453217 ], [ -71.674437, 41.457967 ], [ -71.671716, 41.461088 ], [ -71.669478, 41.460783 ], [ -71.66434, 41.458418 ], [ -71.663612, 41.458424 ], [ -71.662053, 41.4595 ], [ -71.658664, 41.458606 ], [ -71.655227, 41.459137 ], [ -71.651324, 41.455257 ], [ -71.650113, 41.453522 ], [ -71.650827, 41.451435 ], [ -71.649158, 41.450129 ], [ -71.649385, 41.44888 ], [ -71.645526, 41.448686 ], [ -71.642705, 41.446973 ], [ -71.639781, 41.44595 ], [ -71.6372, 41.447596 ], [ -71.632774, 41.448977 ], [ -71.631818, 41.447101 ], [ -71.630022, 41.446954 ], [ -71.628831, 41.447999 ], [ -71.627247, 41.447071 ], [ -71.626803, 41.445229 ], [ -71.624082, 41.446395 ], [ -71.621284, 41.445992 ], [ -71.618376, 41.446675 ], [ -71.61601, 41.449381 ], [ -71.612286, 41.452041 ], [ -71.609732, 41.45238 ], [ -71.608912, 41.452227 ], [ -71.607136, 41.451005 ], [ -71.603749, 41.450002 ], [ -71.602799, 41.449332 ], [ -71.601283, 41.450278 ], [ -71.599519, 41.449909 ], [ -71.596287, 41.44752 ], [ -71.595141, 41.446225 ], [ -71.600087, 41.432494 ], [ -71.606228, 41.415408 ], [ -71.614031, 41.393495 ], [ -71.623852, 41.3658 ], [ -71.625619309585005, 41.360755274743603 ], [ -71.632989, 41.358462 ], [ -71.638315, 41.355434 ], [ -71.638668003690398, 41.355451743571699 ], [ -71.642851, 41.355662 ], [ -71.68807, 41.342823 ], [ -71.690992224947294, 41.342197390226502 ], [ -71.696688, 41.340978 ], [ -71.701631, 41.336968 ], [ -71.70517, 41.334285 ], [ -71.716036, 41.331089 ], [ -71.717988356679896, 41.331287389985697 ], [ -71.72074, 41.331567 ], [ -71.72427, 41.332089 ], [ -71.729880017756102, 41.331698291457698 ], [ -71.730388, 41.342792 ], [ -71.730106, 41.351658 ], [ -71.730777, 41.386471 ], [ -71.730883, 41.390302 ], [ -71.731252, 41.398514 ] ] ] } },
{ "type": "Feature", "properties": { "GEOID": "4400925300", "COUSUBFP": "25300", "NAMELSAD": "Exeter town", "Total Population Estimate": 7195, "NAME": "Exeter town, Washington County, Rhode Island", "state": "44", "county": "009", "county subdivision": "25300", "Total Population Estimate_moe": 228.0 }, "geometry": { "type": "Polygon", "coordinates": [ [ [ -71.790508454619996, 41.5719702287765 ], [ -71.789358672742296, 41.596852160342699 ], [ -71.760811, 41.598044 ], [ -71.659395, 41.598692 ], [ -71.65357, 41.598701 ], [ -71.653019, 41.598828 ], [ -71.643983, 41.600979 ], [ -71.643354, 41.600962 ], [ -71.544807, 41.601993 ], [ -71.522429, 41.602566 ], [ -71.521904, 41.600842 ], [ -71.518433, 41.59404 ], [ -71.51812, 41.592208 ], [ -71.517926, 41.577265 ], [ -71.518183, 41.575589 ], [ -71.51886, 41.564684 ], [ -71.519159, 41.557914 ], [ -71.51918, 41.556332 ], [ -71.519566, 41.529925 ], [ -71.518298, 41.527348 ], [ -71.512225, 41.515315 ], [ -71.510155, 41.508984 ], [ -71.507886, 41.50006 ], [ -71.514896, 41.501341 ], [ -71.530528, 41.503752 ], [ -71.557099, 41.510582 ], [ -71.586982, 41.518213 ], [ -71.592394, 41.519892 ], [ -71.613042, 41.525121 ], [ -71.620715, 41.564234 ], [ -71.66143, 41.559854 ], [ -71.663399, 41.559669 ], [ -71.715018, 41.554203 ], [ -71.729799, 41.552616 ], [ -71.744267, 41.551144 ], [ -71.751208, 41.551122 ], [ -71.782154, 41.546883 ], [ -71.791703630826106, 41.546105938212797 ], [ -71.790508454619996, 41.5719702287765 ] ] ] } },
{ "type": "Feature", "properties": { "GEOID": "4400545460", "COUSUBFP": "45460", "NAMELSAD": "Middletown town", "Total Population Estimate": 16832, "NAME": "Middletown town, Newport County, Rhode Island", "state": "44", "county": "005", "county subdivision": "45460", "Total Population Estimate_moe": 25.0 }, "geometry": { "type": "Polygon", "coordinates": [ [ [ -71.312696, 41.536514 ], [ -71.308082, 41.539377 ], [ -71.308082, 41.542935 ], [ -71.311129, 41.544052 ], [ -71.310533, 41.54692 ], [ -71.306954374496598, 41.553683555394898 ], [ -71.305650676450199, 41.5561475276509 ], [ -71.305539294038198, 41.556358038952602 ], [ -71.303652, 41.559925 ], [ -71.301606522057, 41.562034957832402 ], [ -71.300256, 41.561008 ], [ -71.290753, 41.554221 ], [ -71.280622, 41.546973 ], [ -71.265663, 41.538269 ], [ -71.265724, 41.53818 ], [ -71.233446687205003, 41.514070388371799 ], [ -71.233456, 41.514053 ], [ -71.236126698794706, 41.510934433710602 ], [ -71.240737, 41.505551 ], [ -71.24074, 41.501704 ], [ -71.246666, 41.494265 ], [ -71.247992, 41.49029 ], [ -71.246855, 41.487415 ], [ -71.24426, 41.485737 ], [ -71.242033, 41.485344 ], [ -71.238112, 41.486057 ], [ -71.237437, 41.485711 ], [ -71.237615, 41.482276 ], [ -71.238326, 41.480759 ], [ -71.239676, 41.480253 ], [ -71.240428, 41.476147 ], [ -71.242285, 41.475239 ], [ -71.243728, 41.475204 ], [ -71.244895, 41.473835 ], [ -71.246427, 41.472948 ], [ -71.247366, 41.472996 ], [ -71.247715, 41.47369 ], [ -71.24524, 41.480285 ], [ -71.245859, 41.481637 ], [ -71.252079, 41.485924 ], [ -71.258192, 41.487921 ], [ -71.259455043724302, 41.488108705785997 ], [ -71.264793, 41.488902 ], [ -71.267522940427696, 41.488242288368703 ], [ -71.26764, 41.488214 ], [ -71.26886, 41.484698 ], [ -71.274861, 41.479846 ], [ -71.27664, 41.480038 ], [ -71.278041392639594, 41.482075131915998 ], [ -71.279213580254094, 41.483779080355298 ], [ -71.282314, 41.488286 ], [ -71.284707978752607, 41.488827890524703 ], [ -71.285486, 41.489004 ], [ -71.285672559875096, 41.488967543569899 ], [ -71.287138, 41.490549 ], [ -71.289906, 41.493501 ], [ -71.289946, 41.493589 ], [ -71.294273, 41.498183 ], [ -71.294291, 41.498262 ], [ -71.300274, 41.504571 ], [ -71.300369, 41.504642 ], [ -71.301521, 41.505949 ], [ -71.302421, 41.506998 ], [ -71.303558, 41.508579 ], [ -71.306441, 41.512716 ], [ -71.311141, 41.519396 ], [ -71.312237, 41.520853 ], [ -71.312666333455894, 41.521425111274603 ], [ -71.311251, 41.522621 ], [ -71.311346, 41.524222 ], [ -71.314151, 41.531446 ], [ -71.312696, 41.536514 ] ] ] } },
{ "type": "Feature", "properties": { "GEOID": "4400730340", "COUSUBFP": "30340", "NAMELSAD": "Glocester town", "Total Population Estimate": 10221, "NAME": "Glocester town, Providence County, Rhode Island", "state": "44", "county": "007", "county subdivision": "30340", "Total Population Estimate_moe": 24.0 }, "geometry": { "type": "Polygon", "coordinates": [ [ [ -71.797652828954895, 41.928646471808598 ], [ -71.741905, 41.929752 ], [ -71.722423, 41.930304 ], [ -71.709238, 41.930725 ], [ -71.700481, 41.930923 ], [ -71.678472, 41.931516 ], [ -71.66668, 41.931771 ], [ -71.662664, 41.931858 ], [ -71.63973, 41.932429 ], [ -71.629387, 41.932381 ], [ -71.590312, 41.933665 ], [ -71.581891, 41.894665 ], [ -71.579908, 41.88472 ], [ -71.579389, 41.881812 ], [ -71.579348, 41.881617 ], [ -71.575653, 41.863573 ], [ -71.574642, 41.858748 ], [ -71.604992, 41.857999 ], [ -71.613133, 41.857766 ], [ -71.676808, 41.85665 ], [ -71.69101, 41.856457 ], [ -71.737663, 41.855721 ], [ -71.747483, 41.855236 ], [ -71.758215, 41.855093 ], [ -71.794691782663506, 41.854408530038 ], [ -71.796687794677496, 41.904451592213903 ], [ -71.797158942562106, 41.916263987489799 ], [ -71.797652828954895, 41.928646471808598 ] ] ] } },
{ "type": "Feature", "properties": { "GEOID": "4400542400", "COUSUBFP": "42400", "NAMELSAD": "Little Compton town", "Total Population Estimate": 3584, "NAME": "Little Compton town, Newport County, Rhode Island", "state": "44", "county": "005", "county subdivision": "42400", "Total Population Estimate_moe": 25.0 }, "geometry": { "type": "Polygon", "coordinates": [ [ [ -71.211722423889796, 41.545448457461099 ], [ -71.196739, 41.548677 ], [ -71.159843, 41.556302 ], [ -71.15612, 41.557246 ], [ -71.127618079575299, 41.5632308113072 ], [ -71.126595222831597, 41.555179257639701 ], [ -71.1224, 41.522156 ], [ -71.12057, 41.497448 ], [ -71.129229, 41.496284 ], [ -71.134687277759795, 41.494610356832503 ], [ -71.136867, 41.493942 ], [ -71.138321397396297, 41.4925636607732 ], [ -71.141093, 41.489937 ], [ -71.140224, 41.485855 ], [ -71.139087, 41.483445 ], [ -71.142439, 41.481215 ], [ -71.145747, 41.481176 ], [ -71.14646, 41.478505 ], [ -71.148905, 41.477056 ], [ -71.150859, 41.475819 ], [ -71.154394, 41.476692 ], [ -71.159274, 41.475985 ], [ -71.162086, 41.474009 ], [ -71.163097, 41.471738 ], [ -71.167345, 41.471405 ], [ -71.170233, 41.468381 ], [ -71.170131, 41.463974 ], [ -71.168648, 41.461452 ], [ -71.170444, 41.460621 ], [ -71.173619, 41.461422 ], [ -71.175535, 41.459854 ], [ -71.177916, 41.46081 ], [ -71.180544, 41.459742 ], [ -71.186279, 41.460285 ], [ -71.193979, 41.456396 ], [ -71.194967, 41.459037 ], [ -71.196857, 41.461116 ], [ -71.196607, 41.464756 ], [ -71.192354, 41.466564 ], [ -71.192459, 41.470443 ], [ -71.191924, 41.474363 ], [ -71.190016, 41.478275 ], [ -71.190167, 41.484285 ], [ -71.19939, 41.491769 ], [ -71.199692, 41.495511 ], [ -71.202262, 41.498384 ], [ -71.206382, 41.499215 ], [ -71.200788, 41.514371 ], [ -71.202034, 41.517065 ], [ -71.204773, 41.519104 ], [ -71.204796, 41.523344 ], [ -71.207306, 41.526388 ], [ -71.208257, 41.52888 ], [ -71.204929, 41.5408 ], [ -71.20683, 41.543468 ], [ -71.211722423889796, 41.545448457461099 ] ] ] } },
{ "type": "Feature", "properties": { "GEOID": "4400549960", "COUSUBFP": "49960", "NAMELSAD": "Newport city", "Total Population Estimate": 24874, "NAME": "Newport city, Newport County, Rhode Island", "state": "44", "county": "005", "county subdivision": "49960", "Total Population Estimate_moe": 26.0 }, "geometry": { "type": "MultiPolygon", "coordinates": [ [ [ [ -71.327568, 41.452868 ], [ -71.326348, 41.45471 ], [ -71.324955, 41.45469 ], [ -71.324296, 41.453924 ], [ -71.325649, 41.452106 ], [ -71.32689, 41.45196 ], [ -71.327568, 41.452868 ] ] ], [ [ [ -71.328827, 41.492334 ], [ -71.326957, 41.493116 ], [ -71.325657, 41.490054 ], [ -71.325365, 41.487601 ], [ -71.3264, 41.483789 ], [ -71.327822, 41.482985 ], [ -71.329002, 41.48713 ], [ -71.328827, 41.492334 ] ] ], [ [ [ -71.343126, 41.497292 ], [ -71.341267, 41.500494 ], [ -71.33978, 41.498823 ], [ -71.338665, 41.496179 ], [ -71.338665, 41.494926 ], [ -71.343126, 41.494926 ], [ -71.343126, 41.497292 ] ] ], [ [ [ -71.362911, 41.461746 ], [ -71.361185, 41.46462 ], [ -71.359559, 41.464229 ], [ -71.359266184159495, 41.464274994401102 ], [ -71.358563726939096, 41.464385333715597 ], [ -71.358273, 41.464431 ], [ -71.357206, 41.466124 ], [ -71.352766, 41.469245 ], [ -71.3479, 41.47059 ], [ -71.341833, 41.476012 ], [ -71.336442, 41.481985 ], [ -71.33438, 41.478204 ], [ -71.336366, 41.471738 ], [ -71.335992, 41.469647 ], [ -71.323662249487995, 41.475768833433698 ], [ -71.323531, 41.475834 ], [ -71.319134898885807, 41.476916097906901 ], [ -71.316519, 41.47756 ], [ -71.317263018370198, 41.482470713745201 ], [ -71.318065, 41.487764 ], [ -71.319467290650095, 41.487925610706199 ], [ -71.321154, 41.48812 ], [ -71.322818, 41.491147 ], [ -71.322902564848604, 41.494436214517201 ], [ -71.323030681662601, 41.499419416069102 ], [ -71.323125, 41.503088 ], [ -71.327804, 41.504258 ], [ -71.330694, 41.507699 ], [ -71.329315, 41.513829 ], [ -71.326035, 41.51431 ], [ -71.325451, 41.51728 ], [ -71.328031, 41.518848 ], [ -71.327128, 41.521589 ], [ -71.323991, 41.522407 ], [ -71.320901, 41.519489 ], [ -71.319810607228504, 41.519544192294703 ], [ -71.318608324369393, 41.519605048118002 ], [ -71.314579, 41.519809 ], [ -71.312666333455894, 41.521425111274603 ], [ -71.312237, 41.520853 ], [ -71.311141, 41.519396 ], [ -71.306441, 41.512716 ], [ -71.303558, 41.508579 ], [ -71.302421, 41.506998 ], [ -71.301521, 41.505949 ], [ -71.300369, 41.504642 ], [ -71.300274, 41.504571 ], [ -71.294291, 41.498262 ], [ -71.294273, 41.498183 ], [ -71.289946, 41.493589 ], [ -71.289906, 41.493501 ], [ -71.287138, 41.490549 ], [ -71.285672559875096, 41.488967543569899 ], [ -71.29133, 41.487862 ], [ -71.293201492430299, 41.487077969259197 ], [ -71.2952945986939, 41.486201097075401 ], [ -71.296918, 41.485521 ], [ -71.297392, 41.48479 ], [ -71.297019761125796, 41.482682771031101 ], [ -71.296516, 41.479831 ], [ -71.296657130343803, 41.4788030175187 ], [ -71.297044284692603, 41.475983015260397 ], [ -71.297065782255999, 41.475826428675703 ], [ -71.297393, 41.473443 ], [ -71.296851, 41.469131 ], [ -71.298182, 41.467492 ], [ -71.301414, 41.467278 ], [ -71.303981, 41.463716 ], [ -71.302762, 41.459748 ], [ -71.303052, 41.459083 ], [ -71.303911, 41.45868 ], [ -71.304394, 41.454502 ], [ -71.307639, 41.452435 ], [ -71.310168, 41.451124 ], [ -71.311045134031104, 41.451244308654999 ], [ -71.312049, 41.451382 ], [ -71.311918, 41.452885 ], [ -71.310983, 41.455106 ], [ -71.312558, 41.456498 ], [ -71.314711, 41.456389 ], [ -71.316908, 41.454788 ], [ -71.31848, 41.455724 ], [ -71.319485, 41.458385 ], [ -71.320326, 41.459783 ], [ -71.323751, 41.460129 ], [ -71.326909, 41.458942 ], [ -71.327536, 41.457072 ], [ -71.331466, 41.452803 ], [ -71.332733508318896, 41.451539719270997 ], [ -71.332999032752198, 41.4512750804559 ], [ -71.334764, 41.449516 ], [ -71.337483, 41.449317 ], [ -71.338036, 41.449528 ], [ -71.337544, 41.450979 ], [ -71.337933, 41.451693 ], [ -71.339006, 41.451902 ], [ -71.339697, 41.452577 ], [ -71.344177, 41.454028 ], [ -71.346859332869698, 41.452811679210797 ], [ -71.349049, 41.451818760814199 ], [ -71.349171598165199, 41.451763167901603 ], [ -71.351570456448101, 41.450675390454997 ], [ -71.353609, 41.449751 ], [ -71.356163, 41.450538 ], [ -71.357245, 41.456146 ], [ -71.358447, 41.457439 ], [ -71.358795, 41.459661 ], [ -71.360038, 41.460486 ], [ -71.36189, 41.460196 ], [ -71.362911, 41.461746 ] ] ] ] } },
{ "type": "Feature", "properties": { "GEOID": "4400967460", "COUSUBFP": "67460", "NAMELSAD": "South Kingstown town", "Total Population Estimate": 32073, "NAME": "South Kingstown town, Washington County, Rhode Island", "state": "44", "county": "009", "county subdivision": "67460", "Total Population Estimate_moe": 23.0 }, "geometry": { "type": "Polygon", "coordinates": [ [ [ -71.625619309585005, 41.360755274743603 ], [ -71.623852, 41.3658 ], [ -71.614031, 41.393495 ], [ -71.606228, 41.415408 ], [ -71.600087, 41.432494 ], [ -71.595141, 41.446225 ], [ -71.596287, 41.44752 ], [ -71.599519, 41.449909 ], [ -71.601283, 41.450278 ], [ -71.602799, 41.449332 ], [ -71.603749, 41.450002 ], [ -71.607136, 41.451005 ], [ -71.608912, 41.452227 ], [ -71.607325, 41.452515 ], [ -71.605182, 41.453755 ], [ -71.604415, 41.455066 ], [ -71.602462, 41.456405 ], [ -71.598628, 41.458042 ], [ -71.598548, 41.45982 ], [ -71.596917, 41.461389 ], [ -71.599174, 41.466755 ], [ -71.602046, 41.469427 ], [ -71.602385, 41.47109 ], [ -71.605019, 41.473072 ], [ -71.605898, 41.475669 ], [ -71.603944, 41.477632 ], [ -71.601182, 41.477786 ], [ -71.60099, 41.480659 ], [ -71.602665, 41.482122 ], [ -71.602006, 41.483385 ], [ -71.60405, 41.485218 ], [ -71.604273, 41.486451 ], [ -71.606264, 41.487504 ], [ -71.608914, 41.487737 ], [ -71.608014, 41.489476 ], [ -71.608645, 41.492874 ], [ -71.60769, 41.493804 ], [ -71.60893, 41.495366 ], [ -71.608745, 41.496982 ], [ -71.609517, 41.498023 ], [ -71.607486, 41.500928 ], [ -71.607724, 41.50248 ], [ -71.608322, 41.502623 ], [ -71.609332, 41.506657 ], [ -71.613042, 41.525121 ], [ -71.592394, 41.519892 ], [ -71.586982, 41.518213 ], [ -71.557099, 41.510582 ], [ -71.530528, 41.503752 ], [ -71.514896, 41.501341 ], [ -71.507886, 41.50006 ], [ -71.503438, 41.499701 ], [ -71.497304, 41.498156 ], [ -71.491864, 41.497219 ], [ -71.458115, 41.499069 ], [ -71.457966, 41.499058 ], [ -71.453721, 41.499757 ], [ -71.450101, 41.501801 ], [ -71.446657, 41.489077 ], [ -71.447047, 41.48833 ], [ -71.447922, 41.486443 ], [ -71.447362, 41.481249 ], [ -71.448703, 41.475007 ], [ -71.4496, 41.472401 ], [ -71.448398, 41.468729 ], [ -71.449924, 41.465952 ], [ -71.451137, 41.461604 ], [ -71.450869, 41.45791 ], [ -71.451617, 41.453157 ], [ -71.4526, 41.452202 ], [ -71.464283, 41.443543 ], [ -71.466022, 41.442563 ], [ -71.468241, 41.441712 ], [ -71.4727, 41.440015 ], [ -71.474835, 41.438891 ], [ -71.475075, 41.438877 ], [ -71.483326, 41.435421 ], [ -71.487704, 41.432149 ], [ -71.489553, 41.431911 ], [ -71.489991, 41.431714 ], [ -71.491614, 41.42998 ], [ -71.491758, 41.429765 ], [ -71.494802, 41.427301 ], [ -71.495501, 41.424101 ], [ -71.495801, 41.422601 ], [ -71.497101, 41.417502 ], [ -71.503202, 41.417601 ], [ -71.504827, 41.407512 ], [ -71.50839, 41.399198 ], [ -71.51464, 41.38479 ], [ -71.517312, 41.382136 ], [ -71.519392, 41.380204 ], [ -71.522803613567206, 41.376689882057498 ], [ -71.524239074712398, 41.376780600636103 ], [ -71.526429, 41.376919 ], [ -71.531546, 41.376493 ], [ -71.535372, 41.374964 ], [ -71.537237, 41.373329 ], [ -71.540901, 41.373011 ], [ -71.545289, 41.374039 ], [ -71.551566, 41.374423 ], [ -71.573298879762106, 41.370436834350897 ], [ -71.586094, 41.36809 ], [ -71.594756, 41.365162 ], [ -71.598051, 41.365064 ], [ -71.599940865504905, 41.3648128692234 ], [ -71.606487, 41.363943 ], [ -71.616506, 41.362989 ], [ -71.624158, 41.36121 ], [ -71.625619309585005, 41.360755274743603 ] ] ] } },
{ "type": "Feature", "properties": { "GEOID": "4400557880", "COUSUBFP": "57880", "NAMELSAD": "Portsmouth town", "Total Population Estimate": 17644, "NAME": "Portsmouth town, Newport County, Rhode Island", "state": "44", "county": "005", "county subdivision": "57880", "Total Population Estimate_moe": 24.0 }, "geometry": { "type": "MultiPolygon", "coordinates": [ [ [ [ -71.288017, 41.645575 ], [ -71.286471, 41.647571 ], [ -71.281571, 41.648207 ], [ -71.278171, 41.647309 ], [ -71.276634, 41.643649 ], [ -71.276347, 41.640531 ], [ -71.272692, 41.638535 ], [ -71.272129, 41.637064 ], [ -71.277045, 41.638031 ], [ -71.283791, 41.637797 ], [ -71.285346, 41.636853 ], [ -71.285908, 41.638009 ], [ -71.285344, 41.640379 ], [ -71.288158, 41.642948 ], [ -71.288017, 41.645575 ] ] ], [ [ [ -71.301515, 41.585658 ], [ -71.298562, 41.584922 ], [ -71.298, 41.583134 ], [ -71.297719, 41.581767 ], [ -71.297156, 41.579768 ], [ -71.299125, 41.579768 ], [ -71.300812, 41.58061 ], [ -71.301234, 41.583029 ], [ -71.301515, 41.585658 ] ] ], [ [ [ -71.301190245763294, 41.5624643564622 ], [ -71.296673, 41.567124 ], [ -71.294363, 41.571416 ], [ -71.288376, 41.573274 ], [ -71.285142, 41.577127 ], [ -71.284076, 41.579393 ], [ -71.28574, 41.582771 ], [ -71.289073, 41.582706 ], [ -71.285635, 41.591642 ], [ -71.285265, 41.59237 ], [ -71.280868116750995, 41.592831124917097 ], [ -71.28065, 41.592854 ], [ -71.2787233741915, 41.596633983681897 ], [ -71.273445, 41.60699 ], [ -71.272412, 41.615041 ], [ -71.275234, 41.619444 ], [ -71.271862, 41.623986 ], [ -71.264824, 41.625247 ], [ -71.261021, 41.627379 ], [ -71.258879, 41.63323 ], [ -71.255427725261697, 41.635686659586703 ], [ -71.251082, 41.63878 ], [ -71.246285, 41.639814 ], [ -71.242482, 41.638393 ], [ -71.23654, 41.638393 ], [ -71.233234, 41.64023 ], [ -71.232262, 41.643366 ], [ -71.225369, 41.647096 ], [ -71.223706, 41.650648 ], [ -71.22228, 41.6542 ], [ -71.220331, 41.655572 ], [ -71.21919, 41.653667 ], [ -71.217288, 41.646208 ], [ -71.217051, 41.642834 ], [ -71.216575, 41.639103 ], [ -71.213929575282805, 41.639103 ], [ -71.214127, 41.638142 ], [ -71.216743975399197, 41.625586908320003 ], [ -71.218018, 41.625672 ], [ -71.219336, 41.625482 ], [ -71.220074, 41.62494 ], [ -71.219972, 41.623944 ], [ -71.221005, 41.623502 ], [ -71.224126, 41.622887 ], [ -71.236487, 41.621368 ], [ -71.238016377858898, 41.6208537840171 ], [ -71.238792, 41.620593 ], [ -71.240709, 41.619225 ], [ -71.241056, 41.606945 ], [ -71.241532, 41.604634 ], [ -71.243214323956707, 41.5907019496698 ], [ -71.2436, 41.587508 ], [ -71.240474849737794, 41.582177715321897 ], [ -71.237788, 41.577595 ], [ -71.234877, 41.576548 ], [ -71.23613, 41.574767 ], [ -71.236259, 41.564993 ], [ -71.238204, 41.558765 ], [ -71.237016, 41.554852 ], [ -71.233844, 41.55379 ], [ -71.233688, 41.552362 ], [ -71.2338091358247, 41.552035880761203 ], [ -71.234877, 41.549161 ], [ -71.236523, 41.544891 ], [ -71.234877, 41.541689 ], [ -71.236642, 41.535852 ], [ -71.234775, 41.532538 ], [ -71.228935, 41.530303 ], [ -71.227989, 41.528297 ], [ -71.229444, 41.521544 ], [ -71.233446687205003, 41.514070388371799 ], [ -71.265724, 41.53818 ], [ -71.265663, 41.538269 ], [ -71.280622, 41.546973 ], [ -71.290753, 41.554221 ], [ -71.300256, 41.561008 ], [ -71.301606522057, 41.562034957832402 ], [ -71.301190245763294, 41.5624643564622 ] ] ], [ [ [ -71.353819, 41.647466 ], [ -71.352835, 41.649252 ], [ -71.350304, 41.649042 ], [ -71.348898, 41.651248 ], [ -71.347633, 41.652824 ], [ -71.346367, 41.653349 ], [ -71.344118, 41.652824 ], [ -71.343274, 41.653769 ], [ -71.343836, 41.654861 ], [ -71.345946, 41.655345 ], [ -71.350023, 41.657131 ], [ -71.35157, 41.658602 ], [ -71.351007, 41.659757 ], [ -71.348336, 41.661228 ], [ -71.34693, 41.663329 ], [ -71.348898, 41.665324 ], [ -71.344821, 41.667005 ], [ -71.344258, 41.664064 ], [ -71.344021, 41.661495 ], [ -71.33765, 41.657972 ], [ -71.337515, 41.657049 ], [ -71.339337, 41.65503 ], [ -71.338072, 41.650828 ], [ -71.334979, 41.647466 ], [ -71.332448, 41.643789 ], [ -71.333432, 41.641792 ], [ -71.336525, 41.641897 ], [ -71.334979, 41.644209 ], [ -71.335682, 41.645785 ], [ -71.337088, 41.64673 ], [ -71.338705, 41.645735 ], [ -71.342645, 41.644237 ], [ -71.34468, 41.642528 ], [ -71.343666, 41.6399 ], [ -71.340603, 41.639691 ], [ -71.339056, 41.637064 ], [ -71.336103, 41.636223 ], [ -71.334697, 41.634437 ], [ -71.330711, 41.632992 ], [ -71.326824, 41.631704 ], [ -71.317122, 41.631389 ], [ -71.315247, 41.629952 ], [ -71.314029, 41.627921 ], [ -71.308123, 41.626239 ], [ -71.307321, 41.624017 ], [ -71.304046, 41.618777 ], [ -71.303723, 41.613097 ], [ -71.303526, 41.609639 ], [ -71.304327, 41.607949 ], [ -71.30264, 41.605531 ], [ -71.30489, 41.60448 ], [ -71.306093, 41.601343 ], [ -71.307561, 41.599118 ], [ -71.307773, 41.597409 ], [ -71.309517, 41.594853 ], [ -71.313466, 41.587972 ], [ -71.315716, 41.584501 ], [ -71.3167, 41.583134 ], [ -71.321612, 41.580979 ], [ -71.326103, 41.578583 ], [ -71.3312, 41.580318 ], [ -71.335949, 41.585898 ], [ -71.337048, 41.594688 ], [ -71.333751, 41.605859 ], [ -71.331182, 41.606898 ], [ -71.329559, 41.609097 ], [ -71.330057, 41.611103 ], [ -71.326609, 41.616114 ], [ -71.325558, 41.624137 ], [ -71.327386, 41.626344 ], [ -71.328841, 41.626202 ], [ -71.333994, 41.629287 ], [ -71.337369, 41.631284 ], [ -71.344961, 41.632335 ], [ -71.347352, 41.631284 ], [ -71.350726, 41.633911 ], [ -71.352248, 41.638928 ], [ -71.353257, 41.640846 ], [ -71.352976, 41.644734 ], [ -71.353819, 41.647466 ] ] ], [ [ [ -71.367036, 41.660703 ], [ -71.364786, 41.660493 ], [ -71.362115, 41.660178 ], [ -71.360709, 41.661123 ], [ -71.354663, 41.659757 ], [ -71.353398, 41.657866 ], [ -71.354241, 41.656081 ], [ -71.355507, 41.653875 ], [ -71.35635, 41.652089 ], [ -71.358178, 41.651248 ], [ -71.360006, 41.649882 ], [ -71.362537, 41.651143 ], [ -71.364083, 41.655871 ], [ -71.364646, 41.657551 ], [ -71.366333, 41.658917 ], [ -71.367036, 41.660703 ] ] ], [ [ [ -71.372238, 41.599854 ], [ -71.369426, 41.602062 ], [ -71.36788, 41.603954 ], [ -71.367317, 41.605952 ], [ -71.365489, 41.606688 ], [ -71.36338, 41.606688 ], [ -71.363943, 41.605426 ], [ -71.36338, 41.603534 ], [ -71.364786, 41.601431 ], [ -71.369426, 41.598172 ], [ -71.371676, 41.59733 ], [ -71.373363, 41.597436 ], [ -71.372238, 41.599854 ] ] ] ] } },
{ "type": "Feature", "properties": { "GEOID": "4400751760", "COUSUBFP": "51760", "NAMELSAD": "North Providence town", "Total Population Estimate": 34293, "NAME": "North Providence town, Providence County, Rhode Island", "state": "44", "county": "007", "county subdivision": "51760", "Total Population Estimate_moe": 30.0 }, "geometry": { "type": "Polygon", "coordinates": [ [ [ -71.495545, 41.868983 ], [ -71.492477, 41.869465 ], [ -71.49128, 41.869534 ], [ -71.486682, 41.870119 ], [ -71.475526, 41.87157 ], [ -71.474826, 41.871727 ], [ -71.466759, 41.872767 ], [ -71.463265, 41.873529 ], [ -71.455584, 41.874429 ], [ -71.449154, 41.875242 ], [ -71.438179, 41.876588 ], [ -71.433654, 41.87721 ], [ -71.4219, 41.878695 ], [ -71.419876, 41.869774 ], [ -71.419594, 41.86911 ], [ -71.418624, 41.864849 ], [ -71.417418, 41.859666 ], [ -71.422155, 41.860266 ], [ -71.429906, 41.861255 ], [ -71.434998, 41.861824 ], [ -71.442986, 41.856556 ], [ -71.446686, 41.85405 ], [ -71.448324, 41.852981 ], [ -71.455905, 41.847903 ], [ -71.459526, 41.84544 ], [ -71.460292, 41.844957 ], [ -71.46456, 41.842066 ], [ -71.468742, 41.83926 ], [ -71.472459, 41.836981 ], [ -71.47331, 41.838982 ], [ -71.477216, 41.837911 ], [ -71.47764, 41.841469 ], [ -71.478659, 41.842369 ], [ -71.479012, 41.843458 ], [ -71.479521, 41.844283 ], [ -71.48033, 41.845044 ], [ -71.480974, 41.850821 ], [ -71.485636, 41.853519 ], [ -71.486065, 41.854312 ], [ -71.487095, 41.856134 ], [ -71.487421, 41.859073 ], [ -71.488215, 41.86192 ], [ -71.491185, 41.864107 ], [ -71.492952, 41.867401 ], [ -71.495545, 41.868983 ] ] ] } },
{ "type": "Feature", "properties": { "GEOID": "4400754640", "COUSUBFP": "54640", "NAMELSAD": "Pawtucket city", "Total Population Estimate": 75893, "NAME": "Pawtucket city, Providence County, Rhode Island", "state": "44", "county": "007", "county subdivision": "54640", "Total Population Estimate_moe": 41.0 }, "geometry": { "type": "Polygon", "coordinates": [ [ [ -71.4219, 41.878695 ], [ -71.415553, 41.879547 ], [ -71.406403, 41.880716 ], [ -71.405004, 41.880894 ], [ -71.403706, 41.881059 ], [ -71.39231, 41.882599 ], [ -71.386742, 41.883316 ], [ -71.385269, 41.883511 ], [ -71.381008, 41.884067 ], [ -71.380219, 41.88793 ], [ -71.381824, 41.88837 ], [ -71.383093, 41.88987 ], [ -71.381638, 41.8927 ], [ -71.381529354391105, 41.893225767938603 ], [ -71.3766, 41.893999 ], [ -71.376496397719706, 41.894013795041801 ], [ -71.376352344061203, 41.894034366788802 ], [ -71.373799, 41.894399 ], [ -71.371190326560196, 41.894585333817098 ], [ -71.370999, 41.894599 ], [ -71.365399, 41.895299 ], [ -71.364699, 41.895399 ], [ -71.362499, 41.895599 ], [ -71.354699, 41.896499 ], [ -71.354518825625505, 41.896517017437397 ], [ -71.352699, 41.896699 ], [ -71.349053635403394, 41.897141619799598 ], [ -71.345874909416096, 41.897527580386601 ], [ -71.339763189638504, 41.898269664782099 ], [ -71.338762493722101, 41.898391169178801 ], [ -71.338698, 41.898399 ], [ -71.339177716981098, 41.894561264150902 ], [ -71.339298, 41.893599 ], [ -71.339298, 41.893399 ], [ -71.3397157557079, 41.890112933601301 ], [ -71.339718870789795, 41.8900884303672 ], [ -71.340798, 41.8816 ], [ -71.338863843395004, 41.8761112156336 ], [ -71.337828866172401, 41.873174138674997 ], [ -71.3378266820677, 41.873167940583301 ], [ -71.333997, 41.8623 ], [ -71.334493988682297, 41.861239482753298 ], [ -71.334653, 41.861314 ], [ -71.337776, 41.860917 ], [ -71.339217, 41.860736 ], [ -71.341443, 41.86071 ], [ -71.342969, 41.860684 ], [ -71.354507, 41.859467 ], [ -71.358688, 41.859046 ], [ -71.363744, 41.85854 ], [ -71.365795, 41.858341 ], [ -71.375021, 41.857449 ], [ -71.376699, 41.8575 ], [ -71.379003, 41.857478 ], [ -71.383719, 41.857086 ], [ -71.391101, 41.856945 ], [ -71.399596, 41.856782 ], [ -71.405543, 41.856672 ], [ -71.409275, 41.856601 ], [ -71.411057, 41.858913 ], [ -71.417418, 41.859666 ], [ -71.418624, 41.864849 ], [ -71.419594, 41.86911 ], [ -71.419876, 41.869774 ], [ -71.4219, 41.878695 ] ] ] } },
{ "type": "Feature", "properties": { "GEOID": "4400105140", "COUSUBFP": "05140", "NAMELSAD": "Barrington town", "Total Population Estimate": 17126, "NAME": "Barrington town, Bristol County, Rhode Island", "state": "44", "county": "001", "county subdivision": "05140", "Total Population Estimate_moe": 20.0 }, "geometry": { "type": "Polygon", "coordinates": [ [ [ -71.353897, 41.751301 ], [ -71.351495, 41.752635 ], [ -71.342395, 41.758965 ], [ -71.336781, 41.762855 ], [ -71.332659, 41.765715 ], [ -71.331997, 41.766165 ], [ -71.324717, 41.771201 ], [ -71.31995, 41.77451 ], [ -71.317924233562906, 41.776157294196302 ], [ -71.317795, 41.776101 ], [ -71.316387844273095, 41.775507231826303 ], [ -71.297687564849397, 41.767616398886901 ], [ -71.294758051420303, 41.766380251525703 ], [ -71.284401771686902, 41.762010280821002 ], [ -71.286593, 41.742401 ], [ -71.289002, 41.738959 ], [ -71.289337, 41.737427 ], [ -71.2898, 41.733807 ], [ -71.289494, 41.732601 ], [ -71.287294, 41.728501 ], [ -71.287478, 41.723803 ], [ -71.287604, 41.722949 ], [ -71.289294, 41.716001 ], [ -71.292854, 41.711759 ], [ -71.294039, 41.71028 ], [ -71.295343694780797, 41.7072057452012 ], [ -71.2988, 41.711008 ], [ -71.29905, 41.708696 ], [ -71.301446, 41.706441 ], [ -71.303804, 41.706567 ], [ -71.305468, 41.708519 ], [ -71.307983, 41.712756 ], [ -71.305759, 41.718662 ], [ -71.307131, 41.721648 ], [ -71.311126975827506, 41.722770552710003 ], [ -71.31482, 41.723808 ], [ -71.317840755783394, 41.724315543723698 ], [ -71.322920409912101, 41.725169021050597 ], [ -71.324188, 41.725382 ], [ -71.339456, 41.724841 ], [ -71.341119, 41.729098 ], [ -71.341119, 41.730424947368398 ], [ -71.341119, 41.734774 ], [ -71.344447, 41.736193 ], [ -71.34825, 41.742046 ], [ -71.35229, 41.745061 ], [ -71.352562, 41.745061 ], [ -71.355818, 41.745061 ], [ -71.353897, 41.751301 ] ] ] } },
{ "type": "Feature", "properties": { "GEOID": "4400935380", "COUSUBFP": "35380", "NAMELSAD": "Hopkinton town", "Total Population Estimate": 8420, "NAME": "Hopkinton town, Washington County, Rhode Island", "state": "44", "county": "009", "county subdivision": "35380", "Total Population Estimate_moe": 31.0 }, "geometry": { "type": "Polygon", "coordinates": [ [ [ -71.803475, 41.404065 ], [ -71.798805, 41.404995 ], [ -71.79598, 41.407289 ], [ -71.798374, 41.408919 ], [ -71.796978, 41.411443 ], [ -71.797124, 41.413693 ], [ -71.796318, 41.416224 ], [ -71.797673692549793, 41.416910418496698 ], [ -71.797235453978999, 41.426394149577 ], [ -71.796739458964396, 41.437127762839303 ], [ -71.796485908112004, 41.442614747005599 ], [ -71.795683436498294, 41.459980687591099 ], [ -71.794984662648801, 41.475102549779798 ], [ -71.793568315889601, 41.505753096478799 ], [ -71.792595702203698, 41.526801007948102 ], [ -71.791703630826106, 41.546105938212797 ], [ -71.782154, 41.546883 ], [ -71.751208, 41.551122 ], [ -71.744267, 41.551144 ], [ -71.729799, 41.552616 ], [ -71.715018, 41.554203 ], [ -71.714007, 41.552871 ], [ -71.714776, 41.551721 ], [ -71.713205, 41.55002 ], [ -71.711031, 41.550201 ], [ -71.709243, 41.547561 ], [ -71.706887, 41.547121 ], [ -71.704404, 41.549139 ], [ -71.700835, 41.548851 ], [ -71.698762, 41.545408 ], [ -71.69704, 41.544815 ], [ -71.698288, 41.544013 ], [ -71.696852, 41.54295 ], [ -71.696057, 41.539954 ], [ -71.698542, 41.538804 ], [ -71.697545, 41.53759 ], [ -71.697095, 41.534975 ], [ -71.694611, 41.532857 ], [ -71.696625, 41.530412 ], [ -71.69547, 41.528641 ], [ -71.687225, 41.52841 ], [ -71.689332, 41.523911 ], [ -71.691609, 41.522401 ], [ -71.700516, 41.517371 ], [ -71.705496, 41.515106 ], [ -71.704902, 41.514294 ], [ -71.704673, 41.514122 ], [ -71.705675, 41.512146 ], [ -71.707707, 41.511185 ], [ -71.708109, 41.509564 ], [ -71.712467, 41.50782 ], [ -71.711304, 41.506242 ], [ -71.712194, 41.504874 ], [ -71.715461, 41.504794 ], [ -71.716494, 41.503123 ], [ -71.714927, 41.49869 ], [ -71.716353, 41.498383 ], [ -71.716156, 41.495201 ], [ -71.715338, 41.491766 ], [ -71.716572, 41.488264 ], [ -71.717841, 41.486827 ], [ -71.71727, 41.484599 ], [ -71.714387, 41.484913 ], [ -71.712173, 41.484272 ], [ -71.714252, 41.483783 ], [ -71.714992, 41.482794 ], [ -71.713721, 41.477799 ], [ -71.715204, 41.478069 ], [ -71.716869, 41.47697 ], [ -71.71586, 41.475161 ], [ -71.717566, 41.475 ], [ -71.717444, 41.473342 ], [ -71.718458, 41.47125 ], [ -71.716555, 41.471043 ], [ -71.717808, 41.470054 ], [ -71.717396, 41.468192 ], [ -71.719892, 41.467215 ], [ -71.720896, 41.465889 ], [ -71.719837, 41.465084 ], [ -71.720241, 41.462485 ], [ -71.721212, 41.460601 ], [ -71.719774, 41.459757 ], [ -71.715565, 41.460839 ], [ -71.712331, 41.459809 ], [ -71.712884, 41.457954 ], [ -71.711227, 41.456186 ], [ -71.712684, 41.455415 ], [ -71.711913, 41.454315 ], [ -71.714225, 41.453629 ], [ -71.714457, 41.451194 ], [ -71.717014, 41.449896 ], [ -71.717252, 41.447468 ], [ -71.715777, 41.443658 ], [ -71.718039, 41.443527 ], [ -71.720196, 41.441058 ], [ -71.720656, 41.438965 ], [ -71.722534, 41.437772 ], [ -71.720986, 41.435957 ], [ -71.720631, 41.431586 ], [ -71.719006, 41.428324 ], [ -71.719472, 41.427882 ], [ -71.721796, 41.428696 ], [ -71.726074, 41.427215 ], [ -71.725722, 41.425187 ], [ -71.725949, 41.422363 ], [ -71.729178, 41.417733 ], [ -71.729093, 41.41626 ], [ -71.730027, 41.414518 ], [ -71.728547, 41.413431 ], [ -71.727412, 41.410222 ], [ -71.723398, 41.407971 ], [ -71.723558, 41.404357 ], [ -71.727462, 41.401703 ], [ -71.727945, 41.396682 ], [ -71.728612, 41.3978 ], [ -71.731252, 41.398514 ], [ -71.733637, 41.398701 ], [ -71.735084, 41.399662 ], [ -71.731097, 41.400801 ], [ -71.738349, 41.400329 ], [ -71.739931, 41.401714 ], [ -71.742097, 41.401302 ], [ -71.745364, 41.402333 ], [ -71.746873, 41.403372 ], [ -71.748282, 41.405193 ], [ -71.747855, 41.406708 ], [ -71.750471, 41.407822 ], [ -71.755147, 41.407977 ], [ -71.755945, 41.407661 ], [ -71.758187, 41.40414 ], [ -71.761329, 41.401698 ], [ -71.763317, 41.401305 ], [ -71.764487, 41.3986 ], [ -71.765658, 41.396253 ], [ -71.768069, 41.394818 ], [ -71.769598, 41.397809 ], [ -71.769442, 41.3968 ], [ -71.770547, 41.398172 ], [ -71.769471, 41.399484 ], [ -71.76718, 41.399206 ], [ -71.771103, 41.40139 ], [ -71.772674, 41.400404 ], [ -71.771528, 41.39706 ], [ -71.774179, 41.395412 ], [ -71.776231, 41.393521 ], [ -71.777808, 41.393256 ], [ -71.779007, 41.394546 ], [ -71.780783, 41.393488 ], [ -71.778765, 41.389636 ], [ -71.779222, 41.387277 ], [ -71.780421, 41.387084 ], [ -71.780455, 41.388711 ], [ -71.782037, 41.388577 ], [ -71.78264, 41.386752 ], [ -71.784125, 41.386945 ], [ -71.7852, 41.389532 ], [ -71.786664, 41.38971 ], [ -71.788774, 41.39108 ], [ -71.790029, 41.392623 ], [ -71.792265, 41.392142 ], [ -71.796494, 41.392863 ], [ -71.797223, 41.393209 ], [ -71.798463, 41.395563 ], [ -71.798072, 41.396694 ], [ -71.794371, 41.397035 ], [ -71.794711, 41.397927 ], [ -71.797264, 41.398534 ], [ -71.799756, 41.398589 ], [ -71.799824, 41.399332 ], [ -71.800487, 41.399612 ], [ -71.800536, 41.401106 ], [ -71.803475, 41.404065 ] ] ] } },
{ "type": "Feature", "properties": { "GEOID": "4400977000", "COUSUBFP": "77000", "NAMELSAD": "Westerly town", "Total Population Estimate": 23333, "NAME": "Westerly town, Washington County, Rhode Island", "state": "44", "county": "009", "county subdivision": "77000", "Total Population Estimate_moe": 47.0 }, "geometry": { "type": "Polygon", "coordinates": [ [ [ -71.862667742234606, 41.310863612696998 ], [ -71.862109, 41.316612 ], [ -71.860513, 41.320248 ], [ -71.857458, 41.320789 ], [ -71.851923, 41.324664 ], [ -71.847709, 41.329604 ], [ -71.844666, 41.330585 ], [ -71.836156, 41.336013 ], [ -71.830617723719001, 41.3412470472827 ], [ -71.829384, 41.342413 ], [ -71.829902, 41.346636 ], [ -71.831303, 41.351295 ], [ -71.835703, 41.353568 ], [ -71.836768, 41.355103 ], [ -71.837873, 41.360145 ], [ -71.837731721445905, 41.3632966890791 ], [ -71.837713390818294, 41.3637056148293 ], [ -71.837633, 41.365499 ], [ -71.835588168215295, 41.367068669276101 ], [ -71.834946916378698, 41.367560911872097 ], [ -71.832499, 41.36944 ], [ -71.832107762093401, 41.370084261970298 ], [ -71.8320107595774, 41.370243998619202 ], [ -71.831613, 41.370899 ], [ -71.832076580031398, 41.372962171449899 ], [ -71.832674, 41.375621 ], [ -71.831313959793107, 41.3777248226273 ], [ -71.830637, 41.378772 ], [ -71.831643337761705, 41.380022445954097 ], [ -71.833531, 41.382368 ], [ -71.833000562819507, 41.385267238835802 ], [ -71.832655, 41.387156 ], [ -71.835204, 41.389558 ], [ -71.83817, 41.390595 ], [ -71.838632304441205, 41.391151025841403 ], [ -71.841061550595796, 41.394072744771201 ], [ -71.842131, 41.395359 ], [ -71.842244, 41.396879 ], [ -71.84115, 41.39923 ], [ -71.841726, 41.403241 ], [ -71.843256, 41.404461 ], [ -71.843472, 41.40583 ], [ -71.842816569811802, 41.408732207378897 ], [ -71.842563, 41.409855 ], [ -71.839649, 41.412119 ], [ -71.836883, 41.412228 ], [ -71.834107, 41.411582 ], [ -71.827902, 41.414334 ], [ -71.824573, 41.415235 ], [ -71.823873, 41.417164 ], [ -71.82033, 41.419382 ], [ -71.816904, 41.419927 ], [ -71.8129, 41.419404 ], [ -71.806812, 41.416673 ], [ -71.803684, 41.417428 ], [ -71.801439, 41.415545 ], [ -71.797683, 41.416709 ], [ -71.797673692549793, 41.416910418496698 ], [ -71.796318, 41.416224 ], [ -71.797124, 41.413693 ], [ -71.796978, 41.411443 ], [ -71.798374, 41.408919 ], [ -71.79598, 41.407289 ], [ -71.798805, 41.404995 ], [ -71.803475, 41.404065 ], [ -71.800536, 41.401106 ], [ -71.800487, 41.399612 ], [ -71.799824, 41.399332 ], [ -71.799756, 41.398589 ], [ -71.797264, 41.398534 ], [ -71.794711, 41.397927 ], [ -71.794371, 41.397035 ], [ -71.798072, 41.396694 ], [ -71.798463, 41.395563 ], [ -71.797223, 41.393209 ], [ -71.796494, 41.392863 ], [ -71.792265, 41.392142 ], [ -71.790029, 41.392623 ], [ -71.788774, 41.39108 ], [ -71.786664, 41.38971 ], [ -71.7852, 41.389532 ], [ -71.784125, 41.386945 ], [ -71.78264, 41.386752 ], [ -71.782037, 41.388577 ], [ -71.780455, 41.388711 ], [ -71.780421, 41.387084 ], [ -71.779222, 41.387277 ], [ -71.778765, 41.389636 ], [ -71.780783, 41.393488 ], [ -71.779007, 41.394546 ], [ -71.777808, 41.393256 ], [ -71.776231, 41.393521 ], [ -71.774179, 41.395412 ], [ -71.771528, 41.39706 ], [ -71.772674, 41.400404 ], [ -71.771103, 41.40139 ], [ -71.76718, 41.399206 ], [ -71.769471, 41.399484 ], [ -71.770547, 41.398172 ], [ -71.769442, 41.3968 ], [ -71.769598, 41.397809 ], [ -71.768069, 41.394818 ], [ -71.765658, 41.396253 ], [ -71.764487, 41.3986 ], [ -71.763317, 41.401305 ], [ -71.761329, 41.401698 ], [ -71.758187, 41.40414 ], [ -71.755945, 41.407661 ], [ -71.755147, 41.407977 ], [ -71.750471, 41.407822 ], [ -71.747855, 41.406708 ], [ -71.748282, 41.405193 ], [ -71.746873, 41.403372 ], [ -71.745364, 41.402333 ], [ -71.742097, 41.401302 ], [ -71.739931, 41.401714 ], [ -71.738349, 41.400329 ], [ -71.731097, 41.400801 ], [ -71.735084, 41.399662 ], [ -71.733637, 41.398701 ], [ -71.731252, 41.398514 ], [ -71.730883, 41.390302 ], [ -71.730777, 41.386471 ], [ -71.730106, 41.351658 ], [ -71.730388, 41.342792 ], [ -71.729880017756102, 41.331698291457698 ], [ -71.730717, 41.33164 ], [ -71.746758, 41.328095 ], [ -71.748921451329807, 41.3269054992995 ], [ -71.751656, 41.325402 ], [ -71.761029, 41.328493 ], [ -71.762772540934407, 41.328611597174998 ], [ -71.763022883529402, 41.328628625696602 ], [ -71.766395, 41.328858 ], [ -71.773702, 41.327977 ], [ -71.785957, 41.325739 ], [ -71.7966009417609, 41.323746068630797 ], [ -71.815337, 41.320238 ], [ -71.833755, 41.315631 ], [ -71.836117507527504, 41.314860367666 ], [ -71.845285, 41.31187 ], [ -71.857432, 41.306318 ], [ -71.857472148507597, 41.306368547736 ], [ -71.859899, 41.309424 ], [ -71.862772, 41.309791 ], [ -71.862667742234606, 41.310863612696998 ] ] ] } },
{ "type": "Feature", "properties": { "GEOID": "4400752480", "COUSUBFP": "52480", "NAMELSAD": "North Smithfield town", "Total Population Estimate": 12708, "NAME": "North Smithfield town, Providence County, Rhode Island", "state": "44", "county": "007", "county subdivision": "52480", "Total Population Estimate_moe": 33.0 }, "geometry": { "type": "Polygon", "coordinates": [ [ [ -71.606734025316598, 42.013411425092301 ], [ -71.594118919225195, 42.013701816292901 ], [ -71.591103192297396, 42.013771236284803 ], [ -71.576908, 42.014098 ], [ -71.563665021229198, 42.014282972626901 ], [ -71.559439, 42.014342 ], [ -71.553614862859305, 42.014462021171902 ], [ -71.553360975429001, 42.014467253168696 ], [ -71.538036206165003, 42.0147830590506 ], [ -71.528928067352396, 42.0149707554367 ], [ -71.52999, 42.011045 ], [ -71.529707, 42.009877 ], [ -71.540116, 42.009805 ], [ -71.536049, 41.999997 ], [ -71.533301, 41.993419 ], [ -71.531975, 41.990264 ], [ -71.531694, 41.989614 ], [ -71.531662, 41.989556 ], [ -71.528008, 41.988407 ], [ -71.522354, 41.985653 ], [ -71.518066, 41.983696 ], [ -71.515797, 41.983276 ], [ -71.515503, 41.983174 ], [ -71.515232, 41.983106 ], [ -71.50706, 41.981877 ], [ -71.491746, 41.979612 ], [ -71.487364, 41.979085 ], [ -71.487959, 41.977536 ], [ -71.488796, 41.977047 ], [ -71.489096, 41.974743 ], [ -71.487538, 41.97296 ], [ -71.486681, 41.969489 ], [ -71.48826, 41.968354 ], [ -71.486439, 41.965911 ], [ -71.487625, 41.963139 ], [ -71.487221, 41.961536 ], [ -71.486991, 41.961232 ], [ -71.487292, 41.958456 ], [ -71.4852, 41.956312 ], [ -71.488129, 41.954871 ], [ -71.487401, 41.952056 ], [ -71.486717, 41.949926 ], [ -71.487055, 41.946442 ], [ -71.484352, 41.94593 ], [ -71.48397, 41.944455 ], [ -71.484562, 41.942777 ], [ -71.4881, 41.944398 ], [ -71.490788, 41.943241 ], [ -71.555328, 41.936874 ], [ -71.590312, 41.933665 ], [ -71.596898, 41.966123 ], [ -71.600443, 41.983027 ], [ -71.606734025316598, 42.013411425092301 ] ] ] } },
{ "type": "Feature", "properties": { "GEOID": "4400378440", "COUSUBFP": "78440", "NAMELSAD": "West Warwick town", "Total Population Estimate": 31173, "NAME": "West Warwick town, Kent County, Rhode Island", "state": "44", "county": "003", "county subdivision": "78440", "Total Population Estimate_moe": 26.0 }, "geometry": { "type": "Polygon", "coordinates": [ [ [ -71.534286, 41.730171 ], [ -71.525348, 41.730328 ], [ -71.519928, 41.730443 ], [ -71.519413, 41.730469 ], [ -71.516861, 41.730608 ], [ -71.497849, 41.73115 ], [ -71.486568, 41.731519 ], [ -71.48391, 41.731603 ], [ -71.484781, 41.728724 ], [ -71.485802, 41.726125 ], [ -71.489327, 41.72284 ], [ -71.49028, 41.721227 ], [ -71.490539, 41.717516 ], [ -71.492892, 41.717826 ], [ -71.497116, 41.713167 ], [ -71.500253, 41.711823 ], [ -71.500786, 41.711606 ], [ -71.502365, 41.711472 ], [ -71.505188, 41.711307 ], [ -71.506691, 41.709482 ], [ -71.511904, 41.70723 ], [ -71.512764, 41.706675 ], [ -71.513336, 41.705694 ], [ -71.518913, 41.695899 ], [ -71.515419, 41.696039 ], [ -71.511574, 41.696087 ], [ -71.506142, 41.696467 ], [ -71.501679, 41.696474 ], [ -71.50103, 41.68759 ], [ -71.500723, 41.685016 ], [ -71.500062, 41.679481 ], [ -71.499836, 41.673776 ], [ -71.499451, 41.666122 ], [ -71.498932, 41.664607 ], [ -71.499225, 41.662948 ], [ -71.533379, 41.662156 ], [ -71.533182, 41.672086 ], [ -71.532988, 41.679772 ], [ -71.532968, 41.680216 ], [ -71.532875, 41.681921 ], [ -71.533009, 41.688498 ], [ -71.533109, 41.69533 ], [ -71.533113, 41.69559 ], [ -71.533302, 41.700946 ], [ -71.53346, 41.705381 ], [ -71.533541, 41.708459 ], [ -71.533774, 41.713727 ], [ -71.533883, 41.71768 ], [ -71.534015, 41.721142 ], [ -71.534055, 41.722204 ], [ -71.534286, 41.730171 ] ] ] } },
{ "type": "Feature", "properties": { "GEOID": "4400766200", "COUSUBFP": "66200", "NAMELSAD": "Smithfield town", "Total Population Estimate": 22233, "NAME": "Smithfield town, Providence County, Rhode Island", "state": "44", "county": "007", "county subdivision": "66200", "Total Population Estimate_moe": 33.0 }, "geometry": { "type": "Polygon", "coordinates": [ [ [ -71.590312, 41.933665 ], [ -71.555328, 41.936874 ], [ -71.490788, 41.943241 ], [ -71.489167, 41.938469 ], [ -71.4845, 41.924989 ], [ -71.482705, 41.919002 ], [ -71.482147, 41.917689 ], [ -71.481095, 41.914774 ], [ -71.473389, 41.891975 ], [ -71.466759, 41.872767 ], [ -71.474826, 41.871727 ], [ -71.475526, 41.87157 ], [ -71.486682, 41.870119 ], [ -71.49128, 41.869534 ], [ -71.492477, 41.869465 ], [ -71.495545, 41.868983 ], [ -71.505093, 41.867724 ], [ -71.514588, 41.866488 ], [ -71.531464, 41.864269 ], [ -71.540216, 41.863095 ], [ -71.545655, 41.86253 ], [ -71.550423, 41.861765 ], [ -71.573608, 41.858807 ], [ -71.574642, 41.858748 ], [ -71.575653, 41.863573 ], [ -71.579348, 41.881617 ], [ -71.579389, 41.881812 ], [ -71.579908, 41.88472 ], [ -71.581891, 41.894665 ], [ -71.590312, 41.933665 ] ] ] } },
{ "type": "Feature", "properties": { "GEOID": "4400318640", "COUSUBFP": "18640", "NAMELSAD": "Coventry town", "Total Population Estimate": 35907, "NAME": "Coventry town, Kent County, Rhode Island", "state": "44", "county": "003", "county subdivision": "18640", "Total Population Estimate_moe": 24.0 }, "geometry": { "type": "Polygon", "coordinates": [ [ [ -71.789692111993801, 41.725198339657297 ], [ -71.720111, 41.726326 ], [ -71.700584, 41.726694 ], [ -71.669494, 41.727374 ], [ -71.668434, 41.72747 ], [ -71.665991, 41.727433 ], [ -71.644255, 41.7278 ], [ -71.586186, 41.729105 ], [ -71.576525, 41.72934 ], [ -71.562938, 41.729672 ], [ -71.550038, 41.729985 ], [ -71.54743, 41.730025 ], [ -71.547353, 41.731203 ], [ -71.545807, 41.730097 ], [ -71.534286, 41.730171 ], [ -71.534055, 41.722204 ], [ -71.534015, 41.721142 ], [ -71.533883, 41.71768 ], [ -71.533774, 41.713727 ], [ -71.533541, 41.708459 ], [ -71.53346, 41.705381 ], [ -71.533302, 41.700946 ], [ -71.533113, 41.69559 ], [ -71.533109, 41.69533 ], [ -71.533009, 41.688498 ], [ -71.532875, 41.681921 ], [ -71.532968, 41.680216 ], [ -71.532988, 41.679772 ], [ -71.533182, 41.672086 ], [ -71.533379, 41.662156 ], [ -71.541475, 41.661977 ], [ -71.547113, 41.661851 ], [ -71.572671, 41.661275 ], [ -71.589768, 41.660515 ], [ -71.602958, 41.660191 ], [ -71.622371, 41.659688 ], [ -71.622871, 41.659683 ], [ -71.665939, 41.658692 ], [ -71.666039, 41.658721 ], [ -71.694939, 41.658424 ], [ -71.739624, 41.657352 ], [ -71.740357, 41.657369 ], [ -71.786998895681293, 41.6561173870817 ], [ -71.788647540662794, 41.698342108883402 ], [ -71.789678, 41.724734 ], [ -71.789692111993801, 41.725198339657297 ] ] ] } },
{ "type": "Feature", "properties": { "GEOID": "4400951580", "COUSUBFP": "51580", "NAMELSAD": "North Kingstown town", "Total Population Estimate": 27859, "NAME": "North Kingstown town, Washington County, Rhode Island", "state": "44", "county": "009", "county subdivision": "51580", "Total Population Estimate_moe": 28.0 }, "geometry": { "type": "Polygon", "coordinates": [ [ [ -71.522429, 41.602566 ], [ -71.520447, 41.602616 ], [ -71.495697, 41.602634 ], [ -71.484427, 41.602591 ], [ -71.484458, 41.603739 ], [ -71.485451, 41.612974 ], [ -71.487503, 41.613487 ], [ -71.488039, 41.616048 ], [ -71.48631, 41.617447 ], [ -71.486073, 41.619833 ], [ -71.483306, 41.621547 ], [ -71.482482, 41.62358 ], [ -71.479358, 41.6242 ], [ -71.47132, 41.629076 ], [ -71.472535, 41.632077 ], [ -71.469666, 41.634536 ], [ -71.467844, 41.634165 ], [ -71.463436, 41.636544 ], [ -71.462354, 41.63838 ], [ -71.459123, 41.637946 ], [ -71.458324, 41.636366 ], [ -71.45558, 41.635109 ], [ -71.45423, 41.632953 ], [ -71.454404, 41.631202 ], [ -71.45311, 41.629859 ], [ -71.451366, 41.629455 ], [ -71.448447, 41.633377 ], [ -71.449286, 41.63673 ], [ -71.446277, 41.638837 ], [ -71.445084, 41.641373 ], [ -71.441986, 41.643275 ], [ -71.442717, 41.644398 ], [ -71.442508, 41.645818 ], [ -71.440925, 41.64618 ], [ -71.439301, 41.648023 ], [ -71.435944, 41.649223 ], [ -71.432796, 41.651323 ], [ -71.428941, 41.650569 ], [ -71.423884, 41.653888 ], [ -71.417581, 41.654952 ], [ -71.4088799626671, 41.653840657068301 ], [ -71.408893, 41.651466 ], [ -71.407600631394999, 41.634328889989298 ], [ -71.407525, 41.633326 ], [ -71.403154, 41.627468 ], [ -71.403392, 41.625513 ], [ -71.408621, 41.62196 ], [ -71.407907, 41.61965 ], [ -71.402441, 41.615563 ], [ -71.404342, 41.611832 ], [ -71.406746074088502, 41.611178224258197 ], [ -71.406878363411806, 41.611142248848402 ], [ -71.409571, 41.61041 ], [ -71.411948, 41.611121 ], [ -71.416939, 41.604901 ], [ -71.414325, 41.60259 ], [ -71.403613, 41.602959 ], [ -71.403392, 41.600635 ], [ -71.40377, 41.589321 ], [ -71.410629537246606, 41.586731707401597 ], [ -71.410997, 41.586593 ], [ -71.419584, 41.585781 ], [ -71.419901091708496, 41.58571 ], [ -71.429609063559994, 41.583536288159301 ], [ -71.430249, 41.583393 ], [ -71.439519, 41.577348 ], [ -71.438806, 41.581437 ], [ -71.440945, 41.584993 ], [ -71.446412, 41.583215 ], [ -71.444272, 41.578948 ], [ -71.44705, 41.578429 ], [ -71.446884011349397, 41.577407571406901 ], [ -71.446412, 41.574503 ], [ -71.443891806297302, 41.5733432215387 ], [ -71.443322, 41.573081 ], [ -71.438093, 41.570591 ], [ -71.444091, 41.568043 ], [ -71.443831, 41.566068 ], [ -71.442157, 41.563816 ], [ -71.439064, 41.56368 ], [ -71.437356, 41.562223 ], [ -71.4359663398523, 41.562164911312102 ], [ -71.435179, 41.562132 ], [ -71.434371, 41.561633 ], [ -71.435227, 41.559541 ], [ -71.434783, 41.558097 ], [ -71.432716, 41.557384 ], [ -71.430175, 41.558237 ], [ -71.428407, 41.557085 ], [ -71.427873, 41.555475 ], [ -71.431045, 41.550103 ], [ -71.428646, 41.546986 ], [ -71.424777, 41.549431 ], [ -71.423357, 41.548182 ], [ -71.426671, 41.543563 ], [ -71.423119, 41.538754 ], [ -71.417652, 41.536263 ], [ -71.418128, 41.532171 ], [ -71.415887701597995, 41.530189428220297 ], [ -71.415513, 41.529858 ], [ -71.415911, 41.527941 ], [ -71.414825, 41.523126 ], [ -71.414937, 41.516303 ], [ -71.419580644600998, 41.503653219685702 ], [ -71.420258, 41.503379 ], [ -71.430826, 41.503164 ], [ -71.448148, 41.50279 ], [ -71.450101, 41.501801 ], [ -71.453721, 41.499757 ], [ -71.457966, 41.499058 ], [ -71.458115, 41.499069 ], [ -71.491864, 41.497219 ], [ -71.497304, 41.498156 ], [ -71.503438, 41.499701 ], [ -71.507886, 41.50006 ], [ -71.510155, 41.508984 ], [ -71.512225, 41.515315 ], [ -71.518298, 41.527348 ], [ -71.519566, 41.529925 ], [ -71.51918, 41.556332 ], [ -71.519159, 41.557914 ], [ -71.51886, 41.564684 ], [ -71.518183, 41.575589 ], [ -71.517926, 41.577265 ], [ -71.51812, 41.592208 ], [ -71.518433, 41.59404 ], [ -71.521904, 41.600842 ], [ -71.522429, 41.602566 ] ] ] } },
{ "type": "Feature", "properties": { "GEOID": "4400950500", "COUSUBFP": "50500", "NAMELSAD": "New Shoreham town", "Total Population Estimate": 777, "NAME": "New Shoreham town, Washington County, Rhode Island", "state": "44", "county": "009", "county subdivision": "50500", "Total Population Estimate_moe": 228.0 }, "geometry": { "type": "Polygon", "coordinates": [ [ [ -71.613133, 41.160281 ], [ -71.610529, 41.162643 ], [ -71.610572, 41.168374 ], [ -71.609353, 41.171727 ], [ -71.607985, 41.172862 ], [ -71.607794, 41.175399 ], [ -71.605565, 41.182139 ], [ -71.601294, 41.183213 ], [ -71.597457, 41.185186 ], [ -71.594994, 41.188392 ], [ -71.593419, 41.191445 ], [ -71.592944, 41.198911 ], [ -71.58955, 41.196557 ], [ -71.589298600157207, 41.196808059837601 ], [ -71.585853, 41.200249 ], [ -71.580634, 41.203374 ], [ -71.578519, 41.20908 ], [ -71.576924, 41.211024 ], [ -71.576725, 41.215738 ], [ -71.576319, 41.22491 ], [ -71.577691, 41.231232 ], [ -71.574376, 41.227838 ], [ -71.570301, 41.225342 ], [ -71.567977, 41.224673 ], [ -71.565785, 41.22495 ], [ -71.562546, 41.224217 ], [ -71.55991, 41.221632 ], [ -71.55862, 41.219193 ], [ -71.555861, 41.216637 ], [ -71.554067, 41.212957 ], [ -71.555564, 41.208315 ], [ -71.557951, 41.204515 ], [ -71.561372, 41.200601 ], [ -71.564119, 41.195372 ], [ -71.566405, 41.188207 ], [ -71.566345, 41.184277 ], [ -71.564667, 41.179674 ], [ -71.561299, 41.175765 ], [ -71.559436012496306, 41.174254930164402 ], [ -71.559046114947407, 41.173938893408199 ], [ -71.55791, 41.173018 ], [ -71.554627, 41.173423 ], [ -71.554579423060403, 41.173305125257897 ], [ -71.552889, 41.169117 ], [ -71.550226, 41.166787 ], [ -71.544446, 41.164912 ], [ -71.545594, 41.163453 ], [ -71.543872, 41.161321 ], [ -71.545434, 41.159961 ], [ -71.545468, 41.157486 ], [ -71.547051, 41.153684 ], [ -71.551953, 41.151718 ], [ -71.556527, 41.151569 ], [ -71.561479, 41.150491 ], [ -71.56589, 41.149009 ], [ -71.568668, 41.149368 ], [ -71.575549, 41.148241 ], [ -71.578573, 41.14762 ], [ -71.580505, 41.149092 ], [ -71.584674, 41.148222 ], [ -71.587375, 41.148062 ], [ -71.5937, 41.146339 ], [ -71.595495, 41.147371 ], [ -71.599993, 41.146932 ], [ -71.611567, 41.153905 ], [ -71.613133, 41.160281 ] ] ] } }
]
}
